지역명,매장명,주소,도로명,전화번호,영업시간,서비스,위도,경도
서울,강남 2호점,서울 강남구 역삼동 822-2,서울 강남구 테헤란로 107 메디타워2층,02-6205-6400,08:00~24:008/14~8/19 임시휴업,"맥딜리버리, 맥모닝, 디카페인 커피",37.4986859,127.0287553
서울,미아역,서울 강북구 미아동 197-5,서울 강북구 도봉로 204 미아역 맥도날드,02-6221-6300,07:00~02:00,"맥딜리버리, 맥모닝, 디카페인 커피",37.626944,127.026192
서울,마리오 아울렛,서울 금천구 가산동 60-22,서울 금천구 디지털로 185 마리오아울렛1,02-6166-6600,09:00~22:00,"맥모닝, 주차, 디카페인 커피",37.4779193,126.8872055
서울,등촌 DT,서울 강서구 등촌동 630,서울 강서구 양천로 546,02-6091-6800,24시간,"24시간, 맥드라이브, 맥딜리버리, 맥모닝, 주차, 디카페인 커피",37.5582134,126.8597362
서울,잠실역,서울 송파구 신천동 7-25,서울 송파구 송파대로 558,02-6435-6400,06:00~24:00,"맥딜리버리, 맥모닝, 디카페인 커피",37.5150646,127.0996860
서울,성균관대,서울 종로구 명륜2가 197-1,서울 종로구 창경궁로 241-1,02-6415-8500,08:00~24:00,"맥딜리버리, 맥모닝, 디카페인 커피",37.5834143,126.9988817
서울,석촌역,서울 송파구 송파동 84,서울 송파구 백제고분로 390,02-6415-6200,24시간,"24시간, 맥딜리버리, 맥모닝, 디카페인 커피",37.5059873,127.1091036
서울,서울교대점,서울 서초구 서초동 1674-5,서울 서초구 서초대로 316(서초동),"02-6242-6400, 070-7017-6989",10:00~22:30,"맥딜리버리, 맥모닝, 주차, 디카페인 커피",37.4939517,127.0161834
서울,양평SK DT,서울 영등포구 양평동3가 80-2,서울 영등포구 선유로 195,02-6748-6500,24시간,"24시간, 맥드라이브, 맥딜리버리, 맥모닝, 주차, 디카페인 커피",37.5309805,126.893343
서울,신월남부 DT점,서울 양천구 신월동 525-1,서울 양천구 남부순환로 553 (신월동),"070-7017-6917, 070-7017-6772",07:00~22:00,"맥드라이브, 맥딜리버리, 맥모닝, 주차",37.5197288,126.8387402
서울,연세대점,서울 서대문구 창천동 33-12,서울 서대문구 연세로 33,02-6010-5800,24시간,"24시간, 맥딜리버리, 맥모닝, 디카페인 커피",37.5585515,126.9367086
서울,삼성역,서울 강남구 삼성동 158-15,서울 강남구 삼성로92길 29 도일빌딩 1층,02-6203-4600,07:00~24:00,"맥딜리버리, 맥모닝, 디카페인 커피",37.5082794,127.0587636
서울,합정메세나폴리스,서울 마포구 서교동 490,서울 마포구 양화로 45 메세나폴리스 2층 맥도날드,02-6010-4500,"일~목 07:00~24:00, 금~토 7:00~01:00","맥딜리버리, 맥모닝, 디카페인 커피",37.5507165,126.9134947
서울,여의도,서울 영등포구 여의도동 23,서울 영등포구 국제금융로 10 L3층,02-6671-6500,07:00~22:00,"맥모닝, 주차, 디카페인 커피",37.525103,126.92577838897705
서울,강남구청,서울 강남구 논현동 242-29,서울 강남구 선릉로 667,02-6204-6400,24시간,"24시간, 맥딜리버리, 맥모닝, 디카페인 커피",37.5162358,127.0413134
서울,어린이대공원점,서울 광진구 화양동 212,서울 광진구 광나루로 392,02-6212-6500,09:00~02:00,디카페인 커피,37.5472224,127.0730854
서울,명동 2호점,서울 중구 회현동3가 1-5,서울 중구 퇴계로 116-1 (회현동 3가),"070-7017-1449, 070-7017-2449",07:30~21:30,"맥딜리버리, 맥모닝",37.5605158,126.9846104
서울,가산디지털,서울 금천구 가산동 50-3,서울 금천구 벚꽃로 298 대륭포스트타워 6차,02-6332-6500,08:00~24:00,"맥딜리버리, 맥모닝, 디카페인 커피",37.4813244,126.8837789
서울,양재 SK DT,서울 서초구 양재동 81,서울 서초구 바우뫼로 178,02-6447-6500,24시간,"24시간, 맥드라이브, 맥딜리버리, 맥모닝, 디카페인 커피",37.478071,127.03961
서울,가산비지니스센터점,서울 금천구 가산동 371-6,서울 금천구 가산디지털1로 165 (가산동),02-6341-8300,07:00~22:00,"맥딜리버리, 맥모닝, 주차, 디카페인 커피",37.4801705,126.8811402
서울,이수점,서울 동작구 사당동 147-29,서울 동작구 사당로 300 (사당동),02-6743-6200,07:00~22:00,"맥딜리버리, 맥모닝, 주차",37.484658,126.980731
서울,신도림 디큐브,서울 구로구 신도림동 692,서울 구로구 경인로 662 디큐브시티 B2,02-6341-7800,07:00~22:00,"맥모닝, 디카페인 커피",37.5094279,126.8898029
서울,공덕점,서울 마포구 도화동 559,서울 마포구 마포대로 53 (도화동),02-6743-6300,07:00~22:00,"맥딜리버리, 맥모닝",37.5411571,126.9471352
서울,중앙대,서울 동작구 흑석동 221,서울 동작구 흑석로 84 (R&D센터 지하1층 맥도날드),02-6332-1500,08:00~24:00,"맥딜리버리, 맥모닝, 주차, 디카페인 커피",37.506553,126.958968
서울,한티역,서울 강남구 대치동 938-22,서울 강남구 도곡로 409,02-6207-9200,24시간,"24시간, 맥딜리버리, 맥모닝, 디카페인 커피",37.4973442,127.055157
서울,선릉,서울 강남구 역삼동 707-27,서울 강남구 테헤란로 326 아이타워 1층 맥도날드,02-6207-9100,08:00~24:00,"맥딜리버리, 맥모닝, 디카페인 커피",37.5034932,127.0470395
서울,서초GS점,서울 서초구 서초동 1536-1,서울 서초구 효령로49길 52 (서초동),"02-6242-2060, 070-7017-2404",07:00~24:00,"맥드라이브, 맥딜리버리, 맥모닝, 디카페인 커피",37.486518,127.009527
서울,명동,서울 중구 명동1가 48-2,서울 중구 명동7길 8,02-6215-8200,07:00~24:00,"맥모닝, 디카페인 커피",37.564146,126.9845069
서울,구로디지털,서울 구로구 구로동 197-21,서울 구로구 디지털로31길 12 태평양물산 1층 맥도날드,02-6378-6700,24시간,"24시간, 맥딜리버리, 맥모닝, 디카페인 커피",37.485098,126.8950405
서울,종로 3,서울 종로구 종로3가 10,서울 종로구 종로 115,02-6215-7800,07:00~22:00,"맥딜리버리, 맥모닝, 디카페인 커피",37.570588,126.990462
서울,압구정CGV,서울 강남구 신사동 603-2,서울 강남구 논현로 848 1층 맥도날드,02-6207-2700,08:00~24:00,"맥딜리버리, 맥모닝, 디카페인 커피",37.524435,127.028976
서울,서초뱅뱅,서울 서초구 서초동 1338-20,"서울 서초구 강남대로 305, 101호(서초 현대렉시온)",02-6227-4500,24시간,"24시간, 맥딜리버리, 맥모닝, 디카페인 커피",37.490081,127.030926
서울,양재,서울 서초구 양재동 24,서울 서초구 강남대로 213,02-6242-2100,07:00~24:00,"맥딜리버리, 맥모닝, 디카페인 커피",37.4822573,127.0358688
서울,신도림 테크노점,서울 구로구 구로동 3-25,서울 구로구 새말로 97 (구로동),02-6743-4800,09:00~24:00,"맥딜리버리, 맥모닝, 주차",37.506818,126.890674
서울,서울역,서울 용산구 동자동 43-205,서울 용산구 청파로 378 서울역 2층,02-6743-1400,04:30~01:00,"맥모닝, 디카페인 커피",37.5546203,126.9704671
서울,종암SK DT,서울 성북구 종암동 10-15,서울 성북구 종암로 58,02-6229-3700,24시간,"24시간, 맥드라이브, 맥딜리버리, 맥모닝, 디카페인 커피",37.5957800,127.0360251
서울,구산,서울 은평구 구산동 1-14,서울 은평구 연서로 131 홍천빌딩,02-6215-6800,24시간,"24시간, 맥딜리버리, 맥모닝, 디카페인 커피",37.6106,126.916698
서울,가락DT점,서울 송파구 가락동 193-7,서울 송파구 동남로 196,02-6378-8200,07:00~24:00,"맥드라이브, 맥딜리버리, 맥모닝, 주차, 디카페인 커피",37.494879,127.130762
서울,송정역,서울 강서구 공항동 45-38,"서울 강서구 공항대로 21 (공항동,맥도날드)",02-6391-8700,24시간,"24시간, 맥딜리버리, 맥모닝, 디카페인 커피",37.561718,126.809705
서울,전농,서울 동대문구 전농동 295-96,서울 동대문구 전농로16길 8,02-6215-7200,08:00~24:00,"맥딜리버리, 맥모닝, 디카페인 커피",37.578132,127.057758
서울,파리공원점,서울 양천구 목동 908-25,서울 양천구 목동서로 45 (목동),02-6215-4300,07:00~24:00,"맥드라이브, 맥딜리버리, 맥모닝, 주차",37.537162,126.881005
서울,연신내,서울 은평구 갈현동 456-28,서울 은평구 연서로 213,02-6215-7100,24시간,"24시간, 맥딜리버리, 맥모닝, 디카페인 커피",37.617615,126.919217
서울,청담DT,서울 강남구 청담동 87-3,서울 강남구 도산대로 407,02-6207-1800,24시간,"24시간, 맥드라이브, 맥딜리버리, 맥모닝, 주차, 디카페인 커피",37.5237111,127.0403004
서울,한양대,서울 성동구 행당동 31-7,서울 성동구 왕십리로 227,02-6215-3200,24시간,"24시간, 맥딜리버리, 맥모닝, 디카페인 커피",37.557201,127.041917
서울,신내,서울 중랑구 신내동 666,서울 중랑구 봉화산로 194 신아타운1층 신내 맥도날드,02-6212-3100,24시간,"24시간, 맥딜리버리, 맥모닝, 주차, 디카페인 커피",37.606387,127.094714
서울,대학로,서울 종로구 동숭동 1-34,서울 종로구 대학로 130 맥도날드,02-6212-2900,07:00~01:00,"맥딜리버리, 맥모닝, 디카페인 커피",37.58285,127.002106
서울,중계역,서울 노원구 상계동 763-2,서울 노원구 동일로 1341 장우빌딩 1층,02-6315-3100,24시간,"24시간, 맥딜리버리, 맥모닝, 디카페인 커피",37.648286,127.062056
서울,구의역,서울 광진구 자양동 216-11,서울 광진구 아차산로 376,02-6212-2700,24시간,"24시간, 맥딜리버리, 맥모닝, 디카페인 커피",37.536406,127.084466
서울,목동,서울 양천구 신정동 899-6,서울 양천구 목동로 221,02-6212-2300,24시간,"24시간, 맥딜리버리, 맥모닝, 디카페인 커피",37.528116,126.863788
서울,중랑,서울 중랑구 상봉동 130-166,서울 중랑구 망우로 202 동성빌딩,02-6212-1900,08:00~24:00,"맥딜리버리, 맥모닝, 디카페인 커피",37.59341,127.075477
서울,중계,서울 노원구 중계동 359-14,서울 노원구 중계로 218,02-6315-2900,07:00~24:00,"맥딜리버리, 맥모닝, 디카페인 커피",37.650831,127.07599
서울,삼선,서울 성북구 동소문동1가 32-3,서울 성북구 동소문로 13 일화빌딩 1층,02-6229-3500,08:00~24:00,"맥딜리버리, 맥모닝, 디카페인 커피",37.5894108,127.0075428
서울,영등포,서울 영등포구 영등포동3가 10-4,서울 영등포구 경인로 855,02-6335-3900,07:00~02:00,"맥딜리버리, 맥모닝, 디카페인 커피",37.516948,126.90763
서울,신림,서울 관악구 신림동 1641-22,서울 관악구 신림로 310,02-6335-4300,24시간,"24시간, 맥딜리버리, 맥모닝, 디카페인 커피",37.481966,126.930161
서울,안암,서울 성북구 안암동5가 102-33,서울 성북구 고려대로24길 42 방주빌딩,02-6229-3400,24시간,"24시간, 맥딜리버리, 맥모닝, 디카페인 커피",37.584398,127.029239
서울,수유,서울 강북구 번동 418-17,서울 강북구 도봉로 342,02-6231-2600,24시간,"24시간, 맥딜리버리, 맥모닝, 디카페인 커피",37.637908,127.026011
서울,방배,서울 서초구 방배동 909-9,서울 서초구 방배로 81 유경빌딩 1층,02-6391-3700,24시간,"24시간, 맥딜리버리, 맥모닝, 디카페인 커피",37.481612,126.997127
서울,노량진,서울 동작구 노량진동 100-1,서울 동작구 노량진로 158,02-6391-3500,24시간,"24시간, 맥딜리버리, 맥모닝, 디카페인 커피",37.5134312,126.9435350
서울,이태원,서울 용산구 이태원동 56-21,서울 용산구 이태원로 142-1,02-6743-1200,24시간,"24시간, 맥딜리버리, 맥모닝, 디카페인 커피",37.5339542,126.9897127
서울,신월DT,서울 양천구 신월동 199-3,서울 양천구 남부순환로 404,02-6461-6400,24시간,"24시간, 맥드라이브, 맥딜리버리, 맥모닝, 주차, 디카페인 커피",37.5314234,126.8308779
서울,장안사거리점,서울 동대문구 장안동 308-4,서울 동대문구 답십리로 291-1 (장안동),"070-7017-6857, 070-7204-4427",08:00~24:00,"맥딜리버리, 맥모닝, 주차",37.5725070,127.0726190
서울,외대,서울 동대문구 이문동 305-2,서울 동대문구 휘경로 13,02-6212-4500,24시간,"24시간, 맥딜리버리, 맥모닝, 디카페인 커피",37.5958420,127.0618740
서울,신사역,서울 강남구 신사동 514-15,서울 강남구 도산대로 123 2층,02-6203-6400,24시간,"24시간, 맥딜리버리, 맥모닝, 디카페인 커피",37.5174150,127.0218810
서울,염창 DT점,서울 강서구 염창동 280-11,서울 강서구 공항대로71길 3  (염창동),02-6359-5900,07:00~24:00,"맥드라이브, 맥딜리버리, 맥모닝, 주차",37.5476270,126.8715000
서울,명지대점,서울 서대문구 남가좌동 324-3,서울특별시 서대문구 거북골로 25 (남가좌동),02-6356-5600,08:00~23:00,"맥딜리버리, 맥모닝",37.5798960,126.9247250
서울,숭실대,서울 동작구 상도동 505-5,서울 동작구 사당로 22 창주빌딩 1층,02-6166-6500,24시간,"24시간, 맥딜리버리, 맥모닝, 디카페인 커피",37.4950710,126.9568870
서울,상계DT,서울 노원구 상계동 1022,서울 노원구 동일로 1612,02-6221-6500,24시간,"24시간, 맥드라이브, 맥딜리버리, 맥모닝, 주차, 디카페인 커피",37.6723950,127.0562230
서울,상일동점,서울 강동구 상일동 502,서울 강동구 상일로6길 39,"070-7666-3423, 070-7666-3422",07:00~22:00,"맥딜리버리, 맥모닝, 주차",37.5498037,127.1753478
서울,방학역DT점,서울 도봉구 도봉동 620-25,서울 도봉구 도봉로 735,070-7209-0508,08:00~01:00,"맥드라이브, 맥딜리버리, 맥모닝, 주차",37.6700480,127.0432740
서울,송파잠실DT,서울 송파구 잠실동 305-15,서울 송파구 도곡로 434,02-6204-6700,24시간,"24시간, 맥드라이브, 맥딜리버리, 맥모닝, 주차, 디카페인 커피",37.5043610,127.0770510
서울,과학기술대점,서울 노원구 공릉동 435-2,서울 노원구 공릉로 231,070-7209-0615,07:00~23:00,"맥딜리버리, 맥모닝, 주차",37.6297230,127.0761200
서울,서울시흥DT,서울 금천구 시흥동 903-4,서울 금천구 시흥대로 184,02-6269-6200,24시간,"24시간, 맥드라이브, 맥딜리버리, 맥모닝, 주차, 디카페인 커피",37.4504600,126.9026210
서울,서울번동DT점,서울 강북구 번동 106,서울특별시 강북구 월계로 191,070-7209-0531,07:00~02:00,"맥드라이브, 맥딜리버리, 맥모닝, 주차",37.6211420,127.0452450
서울,미아DT,서울 강북구 미아동 682-12,서울 강북구 삼양로 158,02-6221-6400,24시간,"24시간, 맥드라이브, 맥딜리버리, 맥모닝, 주차, 디카페인 커피",37.6180930,127.0217080
서울,우장산DT,서울시 강서구 화곡동 1026,서울시 강서구 화곡동 1026,070-7209-0542,08:00~22:00,"맥드라이브, 맥딜리버리, 맥모닝, 주차",37.5450630,126.8373360
서울,굽은다리역DT,서울 강동구 천호동 31-10,서울 강동구 양재대로 1587,070-7209-0553,07:00~24:00,"맥드라이브, 맥딜리버리, 맥모닝, 주차",37.5472560,127.1429840
서울,서울둔촌DT,서울 강동구 둔촌동 517-2,서울 강동구 양재대로 1382,02-6140-5000,24시간,"24시간, 맥드라이브, 맥딜리버리, 맥모닝, 주차, 디카페인 커피",37.5292800,127.1373340
서울,고척DT,서울 구로구 고척동 73-20,서울 구로구 경인로 393,02-6734-5800,07:00~02:00,"맥드라이브, 맥딜리버리, 맥모닝, 주차, 디카페인 커피",37.4972280,126.8635360
서울,보라매,서울 영등포구 신길동 505,서울 영등포구 여의대방로 145 세인트빌딩,02-6166-5000,24시간,"24시간, 맥딜리버리, 맥모닝, 디카페인 커피",37.5003258,126.9200103
서울,코엑스,서울 강남구 삼성동 159,서울 강남구 영동대로 513 B1 A102 맥도날드,02-6743-3700,08:00~22:00,"맥모닝, 주차, 디카페인 커피",37.5105202,127.0602059
서울,서울 상암 DMC,서울 마포구 상암동 1602,서울 마포구 월드컵북로 400 1층 맥도날드,02-6743-2700,24시간,"24시간, 맥딜리버리, 맥모닝, 디카페인 커피",37.5804493,126.8899133
서울,홍제역,서울 서대문구 홍제동 253-11,서울 서대문구 통일로 442-1,02-6743-3400,24시간,"24시간, 맥딜리버리, 맥모닝, 디카페인 커피",37.588756,126.944663
서울,강남삼성DT,서울 강남구 삼성동 113-7,서울 강남구 봉은사로 432,02-6743-2600,24시간,"24시간, 맥드라이브, 맥딜리버리, 맥모닝, 주차, 디카페인 커피",37.5108629,127.0473756
서울,동묘,서울 종로구 창신동 290,서울 종로구 종로 339,02-6743-7500,24시간,"24시간, 맥딜리버리, 맥모닝, 디카페인 커피",37.5731655,127.0151274
서울,망원점,서울 마포구 망원동 377-19,서울 마포구 월드컵로 81 (망원동),02-6391-8500,24시간,"24시간, 맥딜리버리, 맥모닝, 디카페인 커피",37.5560628,126.9097173
서울,위례신도시,서울 송파구 장지동 896,서울 송파구 위례광장로 290번지 위례중앙푸르지오 2단지,02-6218-8200,24시간,"24시간, 맥딜리버리, 맥모닝, 주차, 디카페인 커피",37.4749314,127.1428218
서울,세이브존 노원,서울 노원구 하계동 284,서울 노원구 한글비석로 57 (하계동),02-6315-2700,07:00~01:00,"맥모닝, 디카페인 커피",37.6366485,127.0689352
서울,서울시청,서울 중구 을지로1가 32,서울 중구 남대문로9길 51 효덕빌딩,02-6215-8100,07:00~24:00,"맥딜리버리, 맥모닝, 디카페인 커피",37.5667729,126.9794809
부산,부산기장 DT,부산 기장군 기장읍 청강리 112-1,부산 기장군 기장읍 기장대로 500,051-916-5400,24시간,"24시간, 맥드라이브, 맥딜리버리, 맥모닝, 주차, 디카페인 커피",35.2395851,129.2204796
부산,부산황령DT점,부산 남구 대연동 201,부산 남구 황령대로 374 (대연동),051-911-4700,24시간,"24시간, 맥드라이브, 맥딜리버리, 맥모닝, 주차, 디카페인 커피",35.1448686,129.0978176
부산,부산송정DT,부산 해운대구 송정동 135-2,부산 해운대구 해운대로 1114,051-959-4500,24시간,"24시간, 맥드라이브, 맥딜리버리, 맥모닝, 주차, 디카페인 커피",35.18386,129.20147
부산,부산온천 SK DT,부산 동래구 온천동 1431-4,부산 동래구 충렬대로 121,051-912-4500,24시간,"24시간, 맥드라이브, 맥딜리버리, 맥모닝, 주차, 디카페인 커피",35.206364,129.073908
부산,부산 교대 DT점,부산 연제구 거제동 1-1,부산 연제구 중앙대로 1179 (거제동),051-925-4500,24시간,"24시간, 맥드라이브, 맥딜리버리, 맥모닝, 주차",35.1928227,129.0795590
부산,초읍DT점,부산 부산진구 초읍동 171-6,부산 부산진구 성지로 152 (초읍동),051-911-6900,07:00~01:00,"맥드라이브, 맥딜리버리, 맥모닝, 주차",35.181997,129.048057
부산,범일 SK DT,부산 동구 범일동 828-8,부산 동구 자성로 127,051-965-4500,24시간,"24시간, 맥드라이브, 맥딜리버리, 맥모닝, 주차, 디카페인 커피",35.1375351,129.0641472
부산,가야,부산 부산진구 가야동 50-4,부산 부산진구 가야대로 607,051-935-6900,08:00~24:00,"맥딜리버리, 맥모닝, 디카페인 커피",35.155374,129.038409
부산,화명 DT,부산 북구 화명동 193-1,부산 북구 금곡대로 360,051-959-3100,24시간,"24시간, 맥드라이브, 맥딜리버리, 맥모닝, 주차, 디카페인 커피",35.240479,129.014479
부산,시청 DT,부산 연제구 연산동 1364-2,부산 연제구 중앙대로 1031 (연산동),051-916-5200,24시간,"24시간, 맥드라이브, 맥딜리버리, 맥모닝, 주차, 디카페인 커피",35.180789,129.077025
부산,달맞이 DT,부산 해운대구 중동 1777-5,"부산 해운대구 좌동순환로 455 (중동,맥도날드)",051-916-5100,24시간,"24시간, 맥드라이브, 맥딜리버리, 맥모닝, 디카페인 커피",35.161841,129.170957
부산,원동점,부산 동래구 안락동 65-2,부산 동래구 충렬대로 486 (안락동),051-915-5800,24시간,"24시간, 맥드라이브, 맥딜리버리, 맥모닝, 주차, 디카페인 커피",35.194386,129.110998
부산,토곡,부산 연제구 연산동 399-10,부산 연제구 과정로 226,051-915-5700,08:00~24:00,"맥딜리버리, 맥모닝, 디카페인 커피",35.1878973,129.1023710
부산,부곡,부산 금정구 부곡동 63-11,부산 금정구 수림로 12 에스케이아파트 상가 맥도날드,051-915-3900,08:00~24:00,"맥딜리버리, 맥모닝, 디카페인 커피",35.2395625,129.0918982
부산,좌동 1,부산 해운대구 좌동 1407-5,부산 해운대구 좌동순환로 181,051-915-3600,08:00~02:00,"맥딜리버리, 맥모닝, 디카페인 커피",35.177959,129.176034
부산,경성대,부산 남구 대연동 72-23,부산 남구 수영로 304 대승타워1층,051-915-5600,09:00~24:00,"맥모닝, 주차, 디카페인 커피",35.136797,129.099534
부산,동아대,부산 사하구 하단동 492-1,부산 사하구 낙동대로 548,051-988-5300,24시간,"24시간, 맥딜리버리, 맥모닝, 디카페인 커피",35.1129760,128.9644970
부산,부산대 2,부산 금정구 장전동 302-9,부산 금정구 금정로60번길 24 해자빌딩 1층 맥도날드 부산대2호점,051-936-8700,24시간,"24시간, 맥딜리버리, 맥모닝, 디카페인 커피",35.229515,129.087488
부산,당감 DT,부산 부산진구 당감동 282-30,부산 부산진구 동평로 91,051-935-6500,24시간,"24시간, 맥드라이브, 맥딜리버리, 맥모닝, 디카페인 커피",35.165666,129.039561
부산,주례,부산 사상구 주례동 60-10,부산 사상구 가야대로 368,051-963-4700,24시간,"24시간, 맥딜리버리, 맥모닝, 디카페인 커피",35.150981,129.012736
부산,사직점,부산 동래구 사직동 92-7,부산 동래구 사직북로 1 (사직동),051-911-3500,08:00~01:00,"맥딜리버리, 맥모닝",35.195991,129.060616
부산,부산수영SK DT점,부산 수영구 수영동 450-9,부산 수영구 연수로 411 (수영동),051-912-4800,07:00~01:00,"맥드라이브, 맥딜리버리, 맥모닝, 주차",35.1682444,129.1143187
부산,부산 구남DT점,부산 북구 구포동 920-16,부산 북구 백양대로 1045 (구포동),051-912-6800,24시간,"24시간, 맥드라이브, 맥딜리버리, 맥모닝, 주차, 디카페인 커피",35.1989240,128.9959880
부산,부산구서DT,부산 금정구 구서동 163-2,부산 금정구 중앙대로 1957,051-915-5400,24시간,"24시간, 맥드라이브, 맥딜리버리, 맥모닝, 주차, 디카페인 커피",35.2589962,129.0909939
부산,부산영도DT,부산 영도구 봉래동3가 82-2,부산 영도구 태종로 150,051-969-4500,24시간,"24시간, 맥드라이브, 맥딜리버리, 맥모닝, 주차, 디카페인 커피",35.0928960,129.0454010
부산,부산동명대DT점,부산 남구 용당동 524,부산 남구 신선로 424,051-911-4300,07:00~01:00,"맥드라이브, 맥딜리버리, 맥모닝, 주차",35.1228007,129.0997316
부산,부산사직DT점,부산 동래구 사직동 105-10,부산 동래구 아시아드대로 110,051-911-6200,07:00~24:00,"맥드라이브, 맥모닝, 주차, 디카페인 커피",35.1943637,129.0669049
부산,부산덕천 DT,부산 북구 덕천동 554-1,부산 북구 금곡대로 107,051-916-4500,24시간,"24시간, 맥드라이브, 맥딜리버리, 맥모닝, 주차, 디카페인 커피",35.2193532,129.0064388
부산,해운대DT,부산 해운대구 우동 626-13,부산 해운대구 해운대로570번길 51,051-932-4500,24시간,"24시간, 맥드라이브, 맥딜리버리, 맥모닝, 주차, 디카페인 커피",35.1601510,129.1596430
부산,부산범전DT,부산 부산진구 범전동 383-25,부산 부산진구 중앙대로 823,051-912-5000,24시간,"24시간, 맥드라이브, 맥딜리버리, 맥모닝, 주차, 디카페인 커피",35.1653457,129.0643637
부산,부산다대DT점,부산 사하구 다대동 1160-12,부산 사하구 다대로 532-1,051-961-6000,24시간,"24시간, 맥드라이브, 맥딜리버리, 맥모닝, 주차, 디카페인 커피",35.0587439,128.9715034
부산,서면 3,부산 부산진구 부전동 172-6,부산 부산진구 중앙대로692번길 33,051-915-6000,24시간,"24시간, 맥딜리버리, 맥모닝, 디카페인 커피",35.1546290,129.0610990
부산,부산엄궁 DT,부산 사상구 엄궁동 367-3,부산 사상구 낙동대로 745,051-961-5900,24시간,"24시간, 맥드라이브, 맥딜리버리, 맥모닝, 주차, 디카페인 커피",35.1280140,128.9690620
부산,부산정관DT점,부산 기장군 정관읍 매학리 720-3,부산 기장군 정관읍 정관로 584,051-911-2700,24시간,"24시간, 맥드라이브, 맥딜리버리, 맥모닝, 주차, 디카페인 커피",35.3205339,129.1773511
부산,부산 남천DT점,부산 수영구 남천동 30-4,부산 수영구 수영로 470,051-912-4700,24시간,"24시간, 맥드라이브, 맥딜리버리, 맥모닝, 주차, 디카페인 커피",35.1478008,129.1107721
부산,부산명지DT점,부산 강서구 명지동 3420-7,부산 강서구 명지국제8로 270,051-961-5600,07:00~01:00,"맥드라이브, 맥딜리버리, 맥모닝, 주차, 디카페인 커피",35.0974674,128.9225055
부산,부산하단DT,부산 사하구 하단동 619-20,부산 사하구 낙동대로 431,051-961-6300,24시간,"24시간, 맥드라이브, 맥딜리버리, 맥모닝, 주차, 디카페인 커피",35.1040914,128.9711394
부산,부산초량 DT,부산 동구 초량동 1198-7,부산 동구 중앙대로 228,051-961-5700,24시간,"24시간, 맥드라이브, 맥딜리버리, 맥모닝, 주차, 디카페인 커피",35.1172315,129.0413088
대구,대구태전 DT,대구 북구 태전동 409-12,대구 북구 칠곡중앙대로 303,053-213-2900,24시간,"24시간, 맥드라이브, 맥딜리버리, 맥모닝, 주차, 디카페인 커피",35.9227656,128.5465096
대구,동성로교보,대구 중구 동성로2가 88-25,대구 중구 국채보상로 586 (동성로2가),"070-7017-6851, 070-7204-4423",07:00~22:00,"맥딜리버리, 맥모닝, 주차",35.870591,128.594839
대구,대구 수성DT,대구 수성구 수성동4가 1020-2,대구 수성구 달구벌대로 2345,053-213-3200,24시간,"24시간, 맥드라이브, 맥딜리버리, 맥모닝, 주차, 디카페인 커피",35.8600150,128.6191288
대구,부산송정DT,부산 해운대구 송정동 135-2,부산 해운대구 해운대로 1114,051-959-4500,24시간,"24시간, 맥드라이브, 맥딜리버리, 맥모닝, 주차, 디카페인 커피",35.18386,129.20147
대구,대구만촌DT점,대구 수성구 만촌동 853-1,대구 수성구 달구벌대로 2634 (만촌동),053-213-3100,07:00~01:00,"맥드라이브, 맥딜리버리, 맥모닝, 주차, 디카페인 커피",35.8564424,128.6500702
대구,대구황금DT점,대구 수성구 황금동 567-11,대구 수성구 청수로 157 (황금동),053-219-7200,24시간,"24시간, 맥드라이브, 맥딜리버리, 맥모닝, 주차, 디카페인 커피",35.8398734,128.6253141
대구,대구 모다 DT점,대구 달서구 호산동 720-2,대구 달서구 달서대로 455,053-267-3900,08:00~24:00,"맥드라이브, 맥딜리버리, 맥모닝, 주차, 디카페인 커피",35.8399882,128.4912427
대구,대구진천DT점,대구 달서구 진천동 608-6,대구 달서구 월배로 67 (진천동),053-261-5800,24시간,"24시간, 맥드라이브, 맥딜리버리, 맥모닝, 주차, 디카페인 커피",35.813863,128.521789
대구,대구희망DT점,대구 수성구 중동 70-10,대구 수성구 수성로 238 (중동),053-217-9300,07:00~24:00,"맥드라이브, 맥딜리버리, 맥모닝, 주차",35.8466919,128.6133472
대구,대구 침산DT,대구 북구 침산동 244-1,대구 북구 침산로 120,053-215-8900,24시간,"24시간, 맥드라이브, 맥딜리버리, 맥모닝, 주차, 디카페인 커피",35.886979,128.591729
대구,대구평리DT점,대구 서구 평리동 1407-1,대구 서구 서대구로 95 (평리동),"070-7209-1666, 070-7209-1470",24시간,"24시간, 맥드라이브, 맥딜리버리, 맥모닝, 주차, 디카페인 커피",35.8664105,128.5552987
대구,대구시지DT점,대구 수성구 매호동 1087-1,대구 수성구 달구벌대로 3199 (매호동),053-214-2900,07:00~01:00,"맥드라이브, 맥딜리버리, 맥모닝, 주차, 디카페인 커피",35.8409636,128.7070276
대구,용산 DT,대구 달서구 용산동 934,대구 달서구 용산로 222 (용산동),053-267-7400,08:00~24:00,"맥드라이브, 맥딜리버리, 맥모닝, 디카페인 커피",35.857381,128.530813
대구,만촌이마트,대구 수성구 만촌동 1356-5,대구 수성구 동원로 136 이마트만촌점,053-213-8600,"10:00~22:302,4째주 월요일 휴무","맥딜리버리, 디카페인 커피",35.871288,128.636848
대구,칠곡 2 DT,대구 북구 읍내동 1385-2,대구 북구 구암로 83,053-213-8500,24시간,"24시간, 맥드라이브, 맥딜리버리, 맥모닝, 주차, 디카페인 커피",35.932701,128.549584
대구,방촌 DT,대구 동구 방촌동 883-9,대구 동구 동촌로 243,"053-214-6200, 070-7017-0820",24시간,"24시간, 맥드라이브, 맥딜리버리, 맥모닝, 주차, 디카페인 커피",35.8811089,128.6668421
대구,달맞이 DT,부산 해운대구 중동 1777-5,"부산 해운대구 좌동순환로 455 (중동,맥도날드)",051-916-5100,24시간,"24시간, 맥드라이브, 맥딜리버리, 맥모닝, 디카페인 커피",35.161841,129.170957
대구,동성로 2,대구 중구 사일동 77,대구 중구 동성로 23-2,053-214-5600,08:00~24:00,"맥딜리버리, 맥모닝, 디카페인 커피",35.8690671,128.5950782
대구,좌동 1,부산 해운대구 좌동 1407-5,부산 해운대구 좌동순환로 181,051-915-3600,08:00~02:00,"맥딜리버리, 맥모닝, 디카페인 커피",35.177959,129.176034
대구,대구본리DT점,대구 달서구 감삼동 346,대구 달서구 와룡로 134 (감삼동),"070-7209-1064, 070-7209-1065",24시간,"24시간, 맥드라이브, 맥딜리버리, 맥모닝, 주차",35.8447450,128.5375130
대구,대구 이곡DT,대구 달서구 이곡동 1244-3,대구 달서구 이곡공원로 8,053-267-4600,24시간,"24시간, 맥드라이브, 맥딜리버리, 맥모닝, 주차, 디카페인 커피",35.8551203,128.5082930
대구,대구상인DT,대구 달서구 상인동 54-2,대구 달서구 월곡로 338,053-267-4100,24시간,"24시간, 맥드라이브, 맥딜리버리, 맥모닝, 주차, 디카페인 커피",35.8229302,128.5334999
대구,대구두류DT점,대구 달서구 두류동 495-47,대구 달서구 달구벌대로 1684 (두류동),053-267-2600,07:00~01:00,"맥드라이브, 맥딜리버리, 맥모닝, 주차, 디카페인 커피",35.8546703,128.5501994
대구,해운대DT,부산 해운대구 우동 626-13,부산 해운대구 해운대로570번길 51,051-932-4500,24시간,"24시간, 맥드라이브, 맥딜리버리, 맥모닝, 주차, 디카페인 커피",35.1601510,129.1596430
대구,대구복현DT점,대구 북구 복현동 364-5,대구 북구 동북로 303,070-7209-0541,07:00~02:00,"맥드라이브, 맥딜리버리, 맥모닝, 주차, 디카페인 커피",35.8923448,128.6230705
대구,대구 다사DT,대구 달성군 다사읍 죽곡리 5-23,대구 달성군 다사읍 달구벌대로 825,053-267-5100,07:00~24:00,"맥드라이브, 맥딜리버리, 맥모닝, 주차, 디카페인 커피",35.8617360,128.4616590
대구,대구교대DT,대구 남구 대명동 1793-5,대구 남구 중앙대로 225,070-7209-0560,07:00~24:00,"맥드라이브, 맥딜리버리, 맥모닝, 주차",35.8534710,128.5902540
대구,대구동호DT,대구 동구 신서동 718,대구 동구 안심로 403,053-213-6300,24시간,"24시간, 맥드라이브, 맥딜리버리, 맥모닝, 주차, 디카페인 커피",35.8696417,128.7281069
인천,문학DT점,인천 미추홀구 문학동 381-5,인천 미추홀구 매소홀로 600 (문학동),032-226-5700,07:00~01:00,"맥드라이브, 맥딜리버리, 맥모닝, 주차",37.4382026,126.6888976
인천,부평SK DT,인천 부평구 부평동 440-2,인천 부평구 부평대로 96,032-294-9500,24시간,"24시간, 맥드라이브, 맥딜리버리, 맥모닝, 주차, 디카페인 커피",37.5000338,126.7226495
인천,인천구산 DT,인천 부평구 구산동 1-4,인천 부평구 경인로 1191,032-299-9500,24시간,"24시간, 맥드라이브, 맥딜리버리, 맥모닝, 주차, 디카페인 커피",37.4840793,126.7518742
인천,인천구월DT점,인천 남동구 구월동 1120-16,인천 남동구 인주대로 514 (구월동),032-212-9300,08:00~01:00맥딜리버리: 09:00~22:00,"맥드라이브, 맥딜리버리, 맥모닝, 주차",37.4500387,126.6938266
인천,연희 DT,인천 서구 심곡동 255-2,인천 서구 서곶로 265,032-262-5100,24시간,"24시간, 맥드라이브, 맥딜리버리, 맥모닝, 주차, 디카페인 커피",37.541262,126.676282
인천,연수이마트,인천 연수구 동춘동 926-9,인천 연수구 경원대로 184,032-224-3500,"10:00~21:002,4째주 일요일 휴무","맥딜리버리, 디카페인 커피",37.404243,126.681058
인천,신흥DT점,인천 중구 신흥동3가 7-227,인천 중구 인항로 38 (신흥동3가),032-226-6300,08:00~01:00,"맥드라이브, 맥딜리버리, 맥모닝, 주차",37.456986,126.634617
인천,연수 GS DT점,인천 연수구 연수동 597,인천 연수구 먼우금로 200 (연수동),032-244-5600,24시간,"24시간, 맥드라이브, 맥모닝, 주차, 디카페인 커피",37.4148325,126.6770929
인천,부평중앙,인천 부평구 부평동 212-65,인천 부평구 부평문화로 65,032-266-3200,08:00~24:00,"맥모닝, 디카페인 커피",37.4941027,126.723369
인천,부평역,인천 부평구 부평동 738-21,인천 부평구 광장로 16,032-262-3700,24시간,"24시간, 맥딜리버리, 맥모닝, 디카페인 커피",37.489788,126.723239
인천,See&See,인천 남동구 구월동 1130,인천 남동구 예술로 198,032-223-7300,10:00~23:00,"맥딜리버리, 주차, 디카페인 커피",37.451888,126.701878
인천,동인천점,인천 중구 인현동 27-3,인천 중구 우현로 85-1 (인현동),032-218-5400,08:00~23:00,"맥딜리버리, 맥모닝",37.474576,126.630452
인천,만수DT점,인천 남동구 만수동 904-4,인천 남동구 백범로 229 (만수동),032-228-5800,08:00~02:00,"맥드라이브, 맥딜리버리, 맥모닝, 주차, 디카페인 커피",37.4599890,126.7234860
인천,송도GS DT점,인천 연수구 송도동 8-18,인천 연수구 하모니로 128 (송도동),032-223-3400,24시간,"24시간, 맥드라이브, 맥딜리버리, 맥모닝, 주차, 디카페인 커피",37.3852190,126.6446957
인천,인천삼산DT점,인천 부평구 삼산동 226-7,인천 부평구 장제로 380 (삼산동),032-277-6700,24시간,"24시간, 맥드라이브, 맥딜리버리, 맥모닝, 주차, 디카페인 커피",37.5194610,126.7328040
인천,인천옥련 DT점,인천 연수구 옥련동 265-29,인천 연수구 비류대로 176 (옥련동),032-226-6100,07:00~24:00,"맥드라이브, 맥딜리버리, 맥모닝, 주차, 디카페인 커피",37.4280820,126.6541030
인천,구월 아시아드 DT점,인천 남동구 구월동 1185,인천 남동구 남동대로 724,032-226-6400,08:00~01:00,"맥드라이브, 맥딜리버리, 맥모닝, 주차, 디카페인 커피",37.4467670,126.7075410
인천,인천계산DT,인천 계양구 계산동 1083-3,인천 계양구 오조산로 39,032-262-7800,24시간,"24시간, 맥드라이브, 맥딜리버리, 맥모닝, 주차, 디카페인 커피",37.5343565,126.7381358
인천,인천청라DT,인천 서구 청라동 208-3,인천 서구 원창로 8,032-263-2400,24시간,"24시간, 맥드라이브, 맥딜리버리, 맥모닝, 주차, 디카페인 커피",37.517362,126.649716
광주,광주쌍촌 DT,광주 서구 쌍촌동 964-9,광주 서구 상무대로 921-1,062-451-1300,24시간,"24시간, 맥드라이브, 맥딜리버리, 맥모닝, 주차, 디카페인 커피",35.151535,126.86275
광주,광주운암DT,광주 북구 운암동 1078-2,광주 북구 북문대로187번길 2,062-462-3100,07:00~02:00,"맥드라이브, 맥딜리버리, 맥모닝, 주차, 디카페인 커피",35.1849172,126.8701582
광주,광주첨단DT점,광주 북구 용두동 311-15,광주 북구 임방울대로 1048 (용두동),062-400-2900,07:00~02:00,"맥드라이브, 맥딜리버리, 맥모닝, 주차, 디카페인 커피",35.2115964,126.8717442
광주,광주동림DT,광주 북구 동림동 900-41,광주 북구 하남대로 635,062-462-3300,24시간,"24시간, 맥드라이브, 맥딜리버리, 맥모닝, 주차, 디카페인 커피",35.1723932,126.8622261
광주,용봉DT,광주 북구 용봉동 1130-8,광주 북구 설죽로 283,062-419-2300,24시간,"24시간, 맥드라이브, 맥딜리버리, 맥모닝, 주차, 디카페인 커피",35.185125,126.898181
광주,상무,광주 서구 치평동 1182,광주 서구 치평로 72,062-453-8700,24시간,"24시간, 맥드라이브, 맥딜리버리, 맥모닝, 주차, 디카페인 커피",35.153713,126.847691
광주,광주산정DT점,광주 광산구 산정동 143-16,광주 광산구 용아로 251 (산정동),062-444-2700,07:00~02:00,"맥드라이브, 맥딜리버리, 맥모닝, 주차, 디카페인 커피",35.1657820,126.8013440
광주,전남대 DT,광주 북구 용봉동 127-1,광주 북구 우치로 134,062-462-3200,24시간,"24시간, 맥드라이브, 맥딜리버리, 맥모닝, 주차, 디카페인 커피",35.1793820,126.9123690
광주,광주월산DT,광주 남구 월산동 951-3,광주 남구 대남대로 393,062-410-9700,24시간,"24시간, 맥드라이브, 맥딜리버리, 맥모닝, 주차, 디카페인 커피",35.1458390,126.8896370
광주,광주진월DT,광주 남구 진월동 291-7,광주 남구 서문대로 697,070-7209-0551,07:00~24:00,"맥드라이브, 맥딜리버리, 맥모닝, 주차, 디카페인 커피",35.1216173,126.8982296
광주,경기광주DT,경기 광주시 쌍령동 155-18,경기 광주시 경충대로 1477,031-699-2100,24시간,"24시간, 맥드라이브, 맥딜리버리, 맥모닝, 주차, 디카페인 커피",37.40132790837621,127.27116160471068
대전,대전카이스트DT점,대전 유성구 가정동 2-23,대전 유성구 대덕대로 535,042-361-3600,06:00~01:00,"맥드라이브, 맥딜리버리, 맥모닝, 주차, 디카페인 커피",36.3805308,127.3782696
대전,목원대점,대전 유성구 용계동 664-8,대전 유성구 도안북로 81 (용계동),042-361-3800,07:30~24:00,"맥딜리버리, 맥모닝, 주차",36.3303563,127.3376545
대전,대전가장DT,대전 서구 가장동 54-1,대전 서구 도산로 324,042-369-1600,24시간,"24시간, 맥드라이브, 맥딜리버리, 맥모닝, 주차, 디카페인 커피",36.3344569,127.3888453
대전,대전터미널점,대전 동구 용전동 63-3,대전 동구 동서대로 1689 (용전동),042-331-2800,07:00~24:00,"맥딜리버리, 맥모닝, 주차",36.3502842,127.4366222
대전,대전 센트럴 DT점,대전 중구 대흥동 522-1,대전 중구 중앙로 64,042-342-4200,08:00~24:00,"맥드라이브, 맥딜리버리, 맥모닝, 주차, 디카페인 커피",36.3241732,127.4191760
대전,대전한남대DT점,대전 대덕구 중리동 230-15,대전 대덕구 한밭대로 1102 (중리동),042-331-2700,24시간,"24시간, 맥드라이브, 맥딜리버리, 맥모닝, 주차, 디카페인 커피",36.3584065,127.4212141
대전,세이브존 대전점,대전 서구 둔산동 1809,대전 서구 둔산로 201 (하계동),042-384-3700,08:00~01:00,"맥모닝, 주차, 디카페인 커피",36.3516400,127.3955700
대전,대전신탄진DT점,대전 대덕구 상서동 834-4,대전 대덕구 신탄진로 605 (상서동),042-331-2100,06:00~00:30,"맥드라이브, 맥딜리버리, 맥모닝, 주차, 디카페인 커피",36.4327370,127.4231420
대전,대전유천DT점,대전 중구 유천동 327-4,대전 중구 계백로 1549 (유천동),042-331-2900,07:00~02:00,"맥드라이브, 맥딜리버리, 맥모닝, 주차",36.3174450,127.3924202
대전,대전가수원DT,대전 서구 가수원동 655-4,대전 서구 계백로 1124,042-369-1300,24시간,"24시간, 맥드라이브, 맥딜리버리, 맥모닝, 주차, 디카페인 커피",36.3035570,127.3483890
대전,대전 유성 DT점,대전 유성구 봉명동 446-5,대전 유성구 계룡로87번길 3 (봉명동),042-361-3200,24시간,"24시간, 맥드라이브, 맥딜리버리, 맥모닝, 주차, 디카페인 커피",36.3543460,127.3404130
대전,대전부사DT,대전 중구 부사동 87-14,대전 중구 충무로 139,042-335-5800,24시간,"24시간, 맥드라이브, 맥딜리버리, 맥모닝, 주차, 디카페인 커피",36.3197690,127.4317710
울산,울산옥동 DT,울산 남구 신정동 1639-36,울산 남구 문수로423번길 2,052-939-8500,24시간,"24시간, 맥드라이브, 맥딜리버리, 맥모닝, 주차, 디카페인 커피",35.5338665,129.2999606
울산,울산 병영,울산 중구 남외동 441-2,울산 중구 번영로 576,052-915-6500,08:00~24:00,"맥딜리버리, 맥모닝, 디카페인 커피",35.5684842,129.3450248
울산,울산삼산DT,울산 남구 삼산동 1550-7,울산 남구 화합로 201,052-939-6500,24시간,"24시간, 맥드라이브, 맥딜리버리, 맥모닝, 주차, 디카페인 커피",35.5426585,129.3391428
울산,울산호계SK DT점,울산 북구 신천동 452-1,울산 북구 산업로 1448,052-939-9500,24시간,"24시간, 맥드라이브, 맥딜리버리, 맥모닝, 주차, 디카페인 커피",35.6354397,129.3452839
울산,울산SK DT,울산 남구 달동 819,울산 남구 중앙로 126 (달동),052-931-7600,08:00~22:00,"맥드라이브, 맥딜리버리, 맥모닝, 주차, 디카페인 커피",35.5326525,129.3156324
울산,울산옥현,울산 남구 무거동 487-1,울산 남구 옥현로58번길 4,052-955-7200,24시간,"24시간, 맥딜리버리, 맥모닝, 디카페인 커피",35.541154,129.26178
울산,달동,울산 남구 달동 707-1,울산 남구 신정로 37,052-955-7100,08:00~03:00,"맥딜리버리, 맥모닝, 주차, 디카페인 커피",35.535139,129.321918
울산,울산 굴화DT점,울산 울주군 범서읍 굴화리 28-8,울산 울주군 범서읍 울밀로 2877,070-7209-0602,07:00~24:00,"맥드라이브, 맥딜리버리, 맥모닝, 주차, 디카페인 커피",35.5564790,129.2625960
울산,울산 삼산로 DT,울산 남구 달동 1253-1,울산 남구 삼산로 230,052-939-7500,24시간,"24시간, 맥드라이브, 맥딜리버리, 맥모닝, 주차, 디카페인 커피",35.5380226,129.3323694
울산,울산 일산 DT,울산 동구 일산동 951-5,울산 동구 방어진순환도로 634,052-915-9500,24시간,"24시간, 맥드라이브, 맥딜리버리, 맥모닝, 주차, 디카페인 커피",35.4982180,129.4283130
울산,울산서동DT,울산 중구 서동 53-3,울산 중구 북부순환도로 891,052-912-3800,24시간,"24시간, 맥드라이브, 맥딜리버리, 맥모닝",35.5809426,129.3475574
경기,의정부만가대 DT점,경기 의정부시 용현동 60-1,경기 의정부시 민락로 11,031-824-8000,24시간,"24시간, 맥드라이브, 맥딜리버리, 맥모닝, 주차, 디카페인 커피",37.7309716,127.0865032
경기,병점DT점,경기 화성시 병점동 372-1,경기 화성시 경기대로 1004 (병점동),031-304-2600,08:00~23:00,"맥드라이브, 맥딜리버리, 맥모닝, 주차",37.205453,127.037108
경기,동판교,경기 성남시 분당구 삼평동 741,경기 성남시 분당구 대왕판교로606번길 58,031-606-4000,24시간,"24시간, 맥딜리버리, 맥모닝, 주차, 디카페인 커피",37.395622,127.113596
경기,오산세교DT점,경기 오산시 내삼미동 466-1,경기 오산시 경기대로 651,"070-7017-6516, 070-7204-4640",08:00~23:00,"맥드라이브, 맥딜리버리, 맥모닝, 주차",37.1785643,127.0558738
경기,평내 DT,경기 남양주시 평내동 246-21,경기 남양주시 경춘로 1273,031-515-2500,24시간,"24시간, 맥드라이브, 맥딜리버리, 맥모닝, 주차, 디카페인 커피",37.647998,127.23483
경기,마장휴게소점,경기 이천시 마장면 목리 산 13-32,경기 이천시 마장면 중부고속도로 82,031-694-7000,24시간,"24시간, 주차, 디카페인 커피",37.2645970,127.4058478
경기,진접DT,경기 남양주시 진접읍 장현리 218,경기 남양주시 진접읍 금강로 1467,031-515-1600,24시간,"24시간, 맥드라이브, 맥딜리버리, 맥모닝, 주차, 디카페인 커피",37.7220147,127.1896496
경기,평택GS DT,경기 평택시 용이동 470-5,경기 평택시 서동대로 3929,031-8029-4200,24시간,"24시간, 맥드라이브, 맥딜리버리, 맥모닝, 주차, 디카페인 커피",36.9960302,127.1424225
경기,의정부역,경기 의정부시 의정부동 194-10,경기 의정부시 행복로 11,031-825-7000,24시간,"24시간, 맥딜리버리, 맥모닝, 디카페인 커피",37.739985,127.048476
경기,오리역점,경기 성남시 분당구 구미동 157,경기 성남시 분당구 성남대로 45 (구미동),"031-602-3200, 070-7017-6891",08:00~22:00,"맥딜리버리, 맥모닝, 주차",37.3400118,127.1083921
경기,동수원GS DT,경기 수원시 영통구 이의동 422-5,경기 수원시 영통구 창룡대로 370-1,031-890-4000,24시간,"24시간, 맥드라이브, 맥딜리버리, 맥모닝, 주차, 디카페인 커피",37.294811,127.048409
경기,야탑 뉴코아,경기 성남시 분당구 야탑동 357-1,경기 성남시 분당구 야탑로81번길 11 (야탑동),"031-629-9000, 070-7209-0156",07:00~22:00,"맥딜리버리, 맥모닝, 주차, 디카페인 커피",37.4103789,127.1272851
경기,용인수지DT,경기 용인시 수지구 풍덕천동 43-5,경기 용인시 수지구 신수로 677,031-8031-9200,24시간,"24시간, 맥드라이브, 맥딜리버리, 맥모닝, 주차, 디카페인 커피",37.3303186,127.1023476
경기,중산DT점,경기 고양시 일산동구 중산동 1667-5,경기 고양시 일산동구 고양대로 745 (중산동),031-811-6000,07:00~01:00,"맥드라이브, 맥모닝, 주차",37.6828342,126.7788292
경기,수원GS DT,경기 수원시 권선구 권선동 1029,경기 수원시 권선구 권선로 684,031-306-4000,24시간,"24시간, 맥드라이브, 맥딜리버리, 맥모닝, 주차, 디카페인 커피",37.2590888,127.0260263
경기,용인마북 DT,경기 용인시 기흥구 마북동 552-4,경기 용인시 기흥구 용구대로 2420,031-8081-4000,24시간,"24시간, 맥드라이브, 맥딜리버리, 맥모닝, 주차, 디카페인 커피",37.3024726357499,127.10628235193924
경기,평택서정 DT점,경기 평택시 서정동 779-5,경기 평택시 경기대로 1395 (서정동),031-8029-9900,07:00~23:00,"맥드라이브, 맥딜리버리, 맥모닝, 주차, 디카페인 커피",37.0696681,127.0639889
경기,김포고촌SK DT점,경기 김포시 고촌읍 신곡리 532-25,경기 김포시 고촌읍 김포대로 336,031-991-8700,07:00~24:00,"맥드라이브, 맥딜리버리, 맥모닝, 주차",37.6011347,126.7710576
경기,의정부금오DT점,경기 의정부시 금오동 99-6,경기 의정부시 호국로 1604 (금오동),031-823-5300,07:00~22:00,"맥드라이브, 맥딜리버리, 맥모닝, 주차",37.7555791,127.0785317
경기,안양비산DT,경기 안양시 동안구 비산동 576-13,경기 안양시 동안구 경수대로 839 (비산동),"070-7017-4436, 070-7017-1436",07:00~23:00,"맥드라이브, 맥딜리버리, 맥모닝, 주차, 디카페인 커피",37.3933777,126.9418787
경기,양주덕계DT,경기 양주시 덕계동 495-8,경기 양주시 평화로 1511,031-822-8700,24시간,"24시간, 맥드라이브, 맥딜리버리, 맥모닝, 주차, 디카페인 커피",37.8247972,127.0508141
경기,북수원DT점,경기 수원시 장안구 송죽동 451-1,경기 수원시 장안구 경수대로 991 (송죽동),"031-8025-7300, 070-7017-4416",07:00~01:00,"맥드라이브, 맥딜리버리, 맥모닝, 주차",37.3051514,127.002735
경기,의정부녹양DT점,경기 의정부시 가능동 106-1,경기 의정부시 서부로 717 (가능동),031-824-1600,07:00~01:00,"맥드라이브, 맥딜리버리, 맥모닝, 주차, 디카페인 커피",37.7567324,127.0385792
경기,동탄SK점,경기 화성시 능동 1051-1,경기 화성시 효행로 1260 (능동),031-8058-1300,08:00~23:00,"맥드라이브, 맥딜리버리, 맥모닝, 주차",37.2211071,127.0602127
경기,오산DT점,경기 오산시 원동 372-5,경기 오산시 경기대로 170,031-8058-0700,24시간,"24시간, 맥드라이브, 맥딜리버리, 맥모닝, 주차, 디카페인 커피",37.139911,127.073855
경기,평택 세교DT점,경기 평택시 세교동 277-10,경기 평택시 경기대로 570 (세교동),031-8094-3000,24시간,"24시간, 맥드라이브, 맥딜리버리, 맥모닝, 주차, 디카페인 커피",37.005327,127.084502
경기,수원화성DT점,경기 수원시 팔달구 우만동 490-4,경기 수원시 팔달구 경수대로 676,031-891-6700,24시간,"24시간, 맥드라이브, 맥딜리버리, 맥모닝, 주차, 디카페인 커피",37.285572,127.028107
경기,포천DT,경기 포천시 설운동 13-7,경기 포천시 호국로 894,031-8080-2900,24시간,"24시간, 맥드라이브, 맥모닝, 주차, 디카페인 커피",37.845665,127.160166
경기,홈플러스 상동점,경기 부천시 상동 540-1,경기 부천시 길주로 118 (상동),032-212-2900,"10:00~23:302,4째주 일요일 휴무",주차,37.504271,126.754993
경기,분당효자점,경기 성남시 분당구 서현동 305-2,경기 성남시 분당구 불정로 379 (서현동),031-602-2900,07:00~01:00,"맥딜리버리, 맥모닝, 디카페인 커피",37.374311,127.136348
경기,의정부GS DT점,경기 의정부시 호원동 435,경기 의정부시 평화로 315 (호원동),031-8083-1400,08:00~24:00,"맥드라이브, 맥딜리버리, 맥모닝, 주차, 디카페인 커피",37.7201469,127.0471417
경기,정발산,경기 고양시 일산동구 장항동 770-2,경기 고양시 일산동구 중앙로1275번길 38-5 이레21빌딩,031-812-5700,24시간,"24시간, 맥딜리버리, 맥모닝, 디카페인 커피",37.6594219,126.770358
경기,철산역점,경기 광명시 철산동 404,경기 광명시 오리로856번길 17 (철산동),02-6279-5600,24시간,"24시간, 맥딜리버리, 맥모닝, 디카페인 커피",37.475449,126.868547
경기,평촌호계점,경기 안양시 동안구 호계동 1058-3,경기 안양시 동안구 평촌대로 137 (호계동),031-341-7800,08:00~01:00,"맥딜리버리, 맥모닝, 주차, 디카페인 커피",37.3842341,126.9590925
경기,과천이마트,경기 과천시 별양동 1-19,경기 과천시 별양상가3로 11 1층,02-6249-3800,07:00~01:00,"맥딜리버리, 맥모닝, 주차, 디카페인 커피",37.426269,126.991841
경기,중동DT점,경기 부천시 중동 1142-9,경기 부천시 중동로262번길 94 (중동),032-255-2700,24시간,"24시간, 맥드라이브, 맥딜리버리, 맥모닝, 디카페인 커피",37.502167,126.774163
경기,송탄,경기 평택시 신장동 302-1,경기 평택시 쇼핑로 13,031-8094-4000,08:00~24:00,"맥딜리버리, 맥모닝, 디카페인 커피",37.08079,127.050829
경기,시흥은행,경기 시흥시 은행동 532-1,경기 시흥시 대은로 90,031-503-9700,24시간,"24시간, 맥딜리버리, 맥모닝, 디카페인 커피",37.444743,126.798344
경기,덕소,경기 남양주시 와부읍 덕소리 474-5,경기 남양주시 와부읍 덕소로 93 희빌딩 1층,031-515-1900,24시간,"24시간, 맥딜리버리, 맥모닝, 디카페인 커피",37.58581,127.212386
경기,탄현점,경기 고양시 일산서구 탄현동 1573-1,경기 고양시 일산서구 일현로 56 (탄현동),031-812-6700,08:00~02:00,"맥딜리버리, 맥모닝, 주차",37.691958,126.763783
경기,고양DT,경기 고양시 덕양구 벽제동 262-1,경기 고양시 덕양구 호국로 1699,031-812-6300,06:00~02:00,"맥드라이브, 맥딜리버리, 맥모닝, 주차, 디카페인 커피",37.702824,126.903952
경기,행신,경기 고양시 덕양구 행신동 714-1,경기 고양시 덕양구 충경로 38,031-813-5300,24시간,"24시간, 맥딜리버리, 맥모닝, 디카페인 커피",37.6152030,126.8336980
경기,시화점,경기 시흥시 정왕동 1734-2,"경기 시흥시 정왕대로 210 (정왕동, EMART시화점 1층)",031-506-8400,10:00~22:30마트 휴무일과 동일,디카페인 커피,37.3459274,126.7369070
경기,화정역,경기 고양시 덕양구 화정동 970-3,경기 고양시 덕양구 화신로272번길 67,031-813-6200,24시간,"24시간, 맥딜리버리, 맥모닝, 디카페인 커피",37.633886,126.831529
경기,광명역점,경기 광명시 광명동 158-792,경기 광명시 광명로 895-1 (광명동),02-6279-5700,24시간,"24시간, 맥딜리버리, 맥모닝, 디카페인 커피",37.47899,126.853911
경기,안양,경기 안양시 만안구 안양동 674-208,경기 안양시 만안구 안양로292번길 22,031-346-7900,24시간,"24시간, 맥딜리버리, 맥모닝, 디카페인 커피",37.3988674,126.9231201
경기,세이브존 광명,경기 광명시 철산동 367,경기 광명시 철망산로 87,02-6279-5400,08:00~21:00,"맥모닝, 디카페인 커피",37.4703358,126.8773766
경기,강선,경기 고양시 일산서구 주엽동 51-1,"경기 고양시 일산서구 대산로 113 1층 맥도날드(주엽동, 백마프라자)",031-811-5600,24시간,"24시간, 맥딜리버리, 맥모닝, 주차, 디카페인 커피",37.673849,126.764442
경기,의왕오전DT,경기 의왕시 오전동 207-1,경기 의왕시 경수대로 351,031-344-1000,24시간,"24시간, 맥드라이브, 맥딜리버리, 맥모닝, 주차, 디카페인 커피",37.3565170,126.9671860
경기,수원 성균관대,경기 수원시 장안구 율전동 291-6,경기 수원시 장안구 서부로 2127,031-890-6000,24시간,"24시간, 맥딜리버리, 맥모닝, 디카페인 커피",37.2984420,126.9712110
경기,경희대국제캠퍼스,경기 수원시 영통구 영통동 1024-9,경기 수원시 영통구 덕영대로 1703 아이시티,031-308-6000,24시간,"24시간, 맥딜리버리, 맥모닝, 디카페인 커피",37.2479360,127.0776020
경기,성남신흥DT점,경기 성남시 수정구 신흥동 181,경기 성남시 수정구 수정로 306 (신흥동),031-602-3800,07:00~01:00,"맥드라이브, 맥딜리버리, 맥모닝, 주차",37.4510990,127.1485360
경기,수원 아주대점,경기 수원시 영통구 원천동 18-1,경기 수원시 영통구 아주로 46 (원천동),031-309-4000,08:00~24:00,"맥딜리버리, 맥모닝, 주차",37.2787650,127.0440820
경기,마석DT,경기 남양주시 화도읍 마석우리 481-2,경기 남양주시 화도읍 비룡로 89,031-510-8200,24시간,"24시간, 맥드라이브, 맥딜리버리, 맥모닝, 주차, 디카페인 커피",37.6600182,127.3023431
경기,수내역,경기 성남시 분당구 수내동 18-1,경기 성남시 분당구 백현로101번길 29 C&C 빌딩 1층,031-629-8000,24시간,"24시간, 맥딜리버리, 맥모닝, 디카페인 커피",37.3781720,127.1134770
경기,수원인계DT,경기 수원시 팔달구 인계동 363-3,경기 수원시 팔달구 권광로 261,031-8001-6000,24시간,"24시간, 맥드라이브, 맥딜리버리, 맥모닝, 주차, 디카페인 커피",37.2706720,127.0349440
경기,구리수택점,경기 구리시 수택동 526-4,경기 구리시 검배로 7 (수택동),031-512-6000,08:00~24:00,"맥딜리버리, 맥모닝",37.6004230,127.1420660
경기,군포산본DT점,경기 군포시 산본동 51-1,경기 군포시 고산로 715 (산본동),031-342-6500,07:00~24:00,"맥드라이브, 맥딜리버리, 맥모닝, 주차",37.3734130,126.9369380
경기,수원 망포DT,경기 수원시 영통구 망포동 21-1,경기도 수원시 영통구 덕영대로 1499 (망포동),031-308-4000,24시간,"24시간, 맥드라이브, 맥딜리버리, 맥모닝, 주차, 디카페인 커피",37.2461210,127.0546230
경기,김포장기 DT,경기 김포시 장기동 1911-2,경기 김포시 김포한강1로 77-40,031-991-4000,24시간,"24시간, 맥드라이브, 맥딜리버리, 맥모닝, 주차, 디카페인 커피",37.6463204,126.6707396
경기,수원세류DT,경기 수원시 권선구 세류동 1155-8,경기 수원시 권선구 경수대로 195,031-302-4000,24시간,"24시간, 맥드라이브, 맥딜리버리, 맥모닝, 주차, 디카페인 커피",37.2446881,127.0171584
경기,동두천지행DT,경기 동두천시 지행동 340-1,경기 동두천시 평화로 2290,031-8083-8900,24시간,"24시간, 맥드라이브, 맥딜리버리, 맥모닝, 주차, 디카페인 커피",37.8921050,127.0573180
경기,부천북부역,경기 부천시 심곡동 175-6,경기 부천시 부천로 11,032-219-9000,08:00~24:00,"맥딜리버리, 맥모닝, 주차, 디카페인 커피",37.4855440,126.7823170
경기,김포감정DT점,경기 김포시 감정동 504-6,경기 김포시 중봉로25번길 21,031-992-5300,08:00~24:00,"맥드라이브, 맥딜리버리, 맥모닝, 주차",37.6242990,126.6966110
경기,양주휴게소DT,경기 양주시 장흥면 삼하리 250-16,경기 양주시 장흥면 서울외곽순환고속도로 58 양주간이휴게시설내 양주휴게소DT점,031-8083-8000,07:00~24:00,"맥드라이브, 디카페인 커피",37.6789680,126.9161600
경기,하남시청DT점,경기 하남시 신장동 522-5,경기 하남시 대청로 25,070-7209-0514,평일&주말 07:00~22:00공휴일 10:30~20:00,"맥드라이브, 맥딜리버리, 맥모닝, 주차",37.5409540,127.2149610
경기,용인신갈DT,경기 용인시 기흥구 영덕동 40-2,경기 용인시 기흥구 중부대로 266,031-8081-8000,07:00~24:00,"맥드라이브, 맥딜리버리, 맥모닝, 주차, 디카페인 커피",37.2695150,127.0970449
경기,용인시청DT,경기 용인시 처인구 삼가동 250-34,경기 용인시 처인구 중부대로 1166(삼가동),031-328-3000,24시간,"24시간, 맥드라이브, 맥딜리버리, 맥모닝, 주차, 디카페인 커피",37.2387541,127.1745618
경기,화성봉담DT,경기 화성시 기안동 357-5,경기 화성시 효행로 269,031-892-4500,07:00~24:00,"맥드라이브, 맥딜리버리, 맥모닝, 주차, 디카페인 커피",37.2238271,126.9731257
경기,광명소하DT점,경기 광명시 소하동 1340,경기 광명시 오리로 512,02-6275-5300,08:00~21:00,"맥드라이브, 맥딜리버리, 맥모닝, 주차",37.4477011,126.8817756
경기,수원정자DT,경기 수원시 장안구 정자동 76-18,경기 수원시 장안구 수성로 267,031-8001-9000,24시간,"24시간, 맥드라이브, 맥딜리버리, 맥모닝, 주차, 디카페인 커피",37.2902780,127.0016360
경기,용인동백DT,경기 용인시 기흥구 상하동 455-2,경기 용인시 기흥구 어정로 108-1,031-8081-2000,07:00~24:00,"맥드라이브, 맥딜리버리, 맥모닝, 주차, 디카페인 커피",37.2747480,127.1415230
경기,이천 DT,경기 이천시 중리동 461-3,경기 이천시 경충대로 2578,031-694-6000,24시간,"24시간, 맥드라이브, 맥딜리버리, 맥모닝, 주차, 디카페인 커피",37.2751350,127.4466540
경기,부천심곡DT,경기 부천시 심곡본동 559,경기 부천시 경인로 170,070-7209-0537,07:00~23:00,"맥드라이브, 맥딜리버리, 맥모닝, 주차",37.4836180,126.7746320
경기,부천원종DT,경기 부천시 원종동 376-6,경기 부천시 소사로 689,032-217-9000,24시간,"24시간, 맥드라이브, 맥딜리버리, 맥모닝, 주차, 디카페인 커피",37.5177814,126.8044098
경기,부천역곡역DT,경기 부천시 괴안동 112-23,경기 부천시 경인로 487,032-214-9000,24시간,"24시간, 맥드라이브, 맥딜리버리, 맥모닝, 주차, 디카페인 커피",37.4837380,126.8095940
경기,고양풍동DT,경기 고양시 일산동구 풍동 148-3,경기 고양시 일산동구 백마로 493,031-813-4000,24시간,"24시간, 맥드라이브, 맥딜리버리, 맥모닝, 주차, 디카페인 커피",37.6628115,126.8027062
경기,군포당동SK DT,경기 군포시 당동 871-2,경기 군포시 고산로 259,031-341-4000,07:00~01:00,"맥드라이브, 맥모닝, 주차",37.3460990,126.9435220
경기,광명DT,경기 광명시 광명동 754-4,경기 광명시 광명로 765,02-6264-2000,07:00~24:00,"맥드라이브, 맥딜리버리, 맥모닝, 주차, 디카페인 커피",37.4685501,126.8478428
경기,판교테크노밸리,경기 성남시 분당구 삼평동 680,경기 성남시 분당구 판교역로 231 H스퀘어 S동 1층,031-606-4100,09:00~21:00,"맥딜리버리, 맥모닝, 디카페인 커피",37.4012320,127.1086420
경기,화성향남DT,경기 화성시 향남읍 방축리 297-75,경기 화성시 향남읍 행정남로 120,031-8050-4100,24시간,"24시간, 맥드라이브, 맥딜리버리, 맥모닝, 주차, 디카페인 커피",37.1218110,126.9187348
경기,서판교 DT,경기 성남시 분당구 운중동 1017,경기 성남시 분당구 운중로 190,031-602-3500,07:00~24:00,"맥드라이브, 맥딜리버리, 맥모닝, 주차, 디카페인 커피",37.3906413,127.0840039
경기,구리인창 DT,경기 구리시 인창동 410-5,경기 구리시 동구릉로 130,070-7209-1618,08:00~24:00,"맥드라이브, 맥딜리버리, 맥모닝, 주차",37.6102744,127.1377060
경기,안산고잔 DT,경기 안산시 단원구 고잔동 705-5,경기 안산시 단원구 광덕3로 145-3,031-503-2300,24시간,"24시간, 맥드라이브, 맥딜리버리, 맥모닝, 주차, 디카페인 커피",37.3128766,126.8285911
경기,고양원당DT점,경기 고양시 덕양구 주교동 610-4,경기 고양시 덕양구 호국로 777,031-815-4000,07:30~24:00,"맥드라이브, 맥딜리버리, 맥모닝, 주차",37.6559796,126.8351623
경기,평택소사벌점,경기 평택시 비전동 1090-2,경기 평택시 평남로 862,031-8029-2800,08:00~24:00,"맥딜리버리, 맥모닝, 주차, 디카페인 커피",37.0004749,127.1114954
경기,용인보라DT,경기 용인시 기흥구 하갈동 142-8,경기 용인시 기흥구 용구대로 1861,031-302-3900,24시간,"24시간, 맥드라이브, 맥딜리버리, 맥모닝, 주차, 디카페인 커피",37.2544724,127.1046466
경기,고양삼송DT,경기 고양시 덕양구 동산동 74-1,경기 고양시 덕양구 고양대로 1948,02-6221-3500,24시간,"24시간, 맥드라이브, 맥모닝, 주차, 디카페인 커피",37.6445183,126.8960646
경기,경기광주DT,경기 광주시 쌍령동 155-18,경기 광주시 경충대로 1477,031-699-2100,24시간,"24시간, 맥드라이브, 맥딜리버리, 맥모닝, 주차, 디카페인 커피",37.40132790837621,127.27116160471068
경기,김포구래DT,경기 김포시 구래동 6871-25,경기 김포시 김포한강10로 213,031-990-1900,24시간,"24시간, 맥드라이브, 맥딜리버리, 맥모닝, 주차",37.645171,126.619049
경기,용인DT,경기 용인시 처인구 김량장동 177-9,경기 용인시 처인구 백옥대로 1176,031-8097-3800,24시간,"24시간, 맥드라이브, 맥딜리버리, 맥모닝, 주차, 디카페인 커피",37.239931446158,127.2106275428
경기,여주DT,경기 여주시 교동 101,경기 여주시 세종로 200,031-8051-2300,24시간,"24시간, 맥드라이브, 맥딜리버리, 맥모닝, 주차, 디카페인 커피",37.280375,127.635963
경기,양주옥정DT,경기 양주시 고읍동 119,경기 양주시 고덕로 341,031-838-3900,24시간,"24시간, 맥드라이브, 맥딜리버리, 맥모닝, 주차, 디카페인 커피",37.802978,127.077974
경기,고양덕이DT,경기 고양시 일산서구 덕이동 304-3,경기 고양시 일산서구 경의로 914,031-817-6200,24시간,"24시간, 맥드라이브, 맥딜리버리, 맥모닝, 주차, 디카페인 커피",37.699185,126.759431
경기,안성공도DT,경기 안성시 공도읍 마정리 149-17,경기 안성시 공도읍 서동대로 4475,031-8029-7600,24시간,"24시간, 맥드라이브, 맥딜리버리, 맥모닝, 주차, 디카페인 커피",37.0031697,127.1806612
충북,청주비하 DT,충북 청주시 흥덕구 비하동 671-12,충북 청주시 흥덕구 2순환로 1076,043-903-4900,24시간,"24시간, 맥드라이브, 맥딜리버리, 맥모닝, 주차, 디카페인 커피",36.6386995,127.4222387
충북,청주봉명 DT,충북 청주시 흥덕구 봉명동 1405,충북 청주시 흥덕구 1순환로 518,043-903-8900,24시간,"24시간, 맥드라이브, 맥딜리버리, 맥모닝, 주차, 디카페인 커피",36.6462293,127.4642027
충북,청주성화,충북 청주시 서원구 성화동 721,충북 청주시 서원구 서부로 1344,043-903-2900,08:00~24:00,"맥딜리버리, 맥모닝, 디카페인 커피",36.617241,127.44765
충북,충주교현 DT,충북 충주시 교현동 624-1,충북 충주시 국원대로 87,043-910-4900,24시간,"24시간, 맥드라이브, 맥딜리버리, 맥모닝, 주차, 디카페인 커피",36.9793601,127.9279571
충북,청주분평DT,충북 청주시 서원구 분평동 241-4,충북 청주시 서원구 청남로 1991,043-902-7800,24시간,"24시간, 맥드라이브, 맥딜리버리, 맥모닝, 주차, 디카페인 커피",36.610333,127.483852
충북,청주율량GS DT점,충북 청주시 청원구 율량동 769,충북 청주시 청원구 공항로 156,043-900-6900,24시간,"24시간, 맥드라이브, 맥딜리버리, 맥모닝, 주차, 디카페인 커피",36.6707400,127.4841970
충북,청주금천 DT,충북 청주시 상당구 금천동 44-1,충북 청주시 상당구 중고개로 281,043-900-5900,24시간,"24시간, 맥드라이브, 맥딜리버리, 맥모닝, 주차, 디카페인 커피",36.6277730,127.5081340
충북,제천DT점,충북 제천시 청전동 165-5,충북 제천시 의림대로 202,070-7209-0544,07:00~01:00,"맥드라이브, 맥딜리버리, 맥모닝, 주차",37.1452730,128.2142120
충남,천안원성 DT,충남 천안시 동남구 원성동 442-1,충남 천안시 동남구 천안대로 699,041-909-4500,24시간,"24시간, 맥드라이브, 맥딜리버리, 맥모닝, 주차, 디카페인 커피",36.8105986,127.1643040
충남,천안 쌍용역 DT점,충남 천안시 서북구 쌍용동 394-10,충남 천안시 서북구 충무로 166 (쌍용동),"070-7017-1450, 070-7017-5450",08:00~01:00,"맥드라이브, 맥딜리버리, 맥모닝, 주차",36.7935958,127.1259295
충남,천안두정DT,충남 천안시 서북구 두정동 620,충남 천안시 서북구 동서대로 49 (두정동),041-900-2700,24시간제품 구매 시 주차 1시간 무료,"24시간, 맥드라이브, 맥딜리버리, 맥모닝, 주차, 디카페인 커피",36.8256774,127.1286879
충남,충남당진DT,충남 당진시 읍내동 423-39,충남 당진시 서문1길 62-18,041-970-4900,24시간,"24시간, 맥드라이브, 맥딜리버리, 맥모닝, 주차, 디카페인 커피",36.8971623,126.6269708
충남,천안고속버스터미널,충남 천안시 동남구 신부동 363-2,충남 천안시 동남구 만남로 43 1층,041-908-4500,24시간,"24시간, 맥딜리버리, 맥모닝, 디카페인 커피",36.8193560,127.1542419
충남,충남아산DT,충남 아산시 온천동 36-28,충남 아산시 충무로 37,070-7209-0545,08:00~22:00,"맥드라이브, 맥딜리버리, 맥모닝, 주차",36.7846320,127.0050001
충남,서산DT,충남 서산시 예천동 524-26,충남 서산시 충의로 3,041-920-2500,07:00~23:00,"맥드라이브, 맥딜리버리, 맥모닝, 주차",36.7728040,126.4411340
충남,충남보령DT,충남 보령시 궁촌동 345-4,충남 보령시 터미널길 3,041-927-6100,24시간,"24시간, 맥드라이브, 맥딜리버리, 맥모닝, 주차, 디카페인 커피",36.3416710,126.5890980
충남,충남논산DT,충남 논산시 내동 343-1,충남 논산시 시민로 247,041-980-6100,24시간,"24시간, 맥드라이브, 맥딜리버리, 맥모닝, 주차, 디카페인 커피",36.1885900,127.0954323
충남,충남홍성DT,충남 홍성군 홍성읍 소향리 72-4,충남 홍성군 홍성읍 충서로 1528,041-977-6100,07:00~24:00,"맥드라이브, 맥딜리버리, 맥모닝, 주차, 디카페인 커피",36.6046922,126.6613855
충남,천안두정역DT,충남 천안시 서북구 두정동 24-8,충남 천안시 서북구 천안대로 1022,041-900-4300,24시간,"24시간, 맥드라이브, 맥딜리버리, 맥모닝, 주차, 디카페인 커피",36.832998,127.152069
전남,순천덕암DT점,전남 순천시 덕암동 146-32,전남 순천시 구암원길 1 (덕암동),"061-902-9500, 070-7204-4987",07:00~24:00,"맥드라이브, 맥딜리버리, 맥모닝, 주차, 디카페인 커피",34.9417246,127.5089934
전남,목포석현DT,전남 목포시 석현동 816-85,전남 목포시 영산로 577,061-981-7100,24시간,"24시간, 맥드라이브, 맥딜리버리, 맥모닝, 주차, 디카페인 커피",34.8172292,126.4203474
전남,여수이마트,전남 여수시 오림동 405-1,전남 여수시 좌수영로 277 이마트내 1층 맥도날드,061-920-1700,"10:00~23:002,4째주 일요일 휴무",디카페인 커피,34.758003,127.715001
전남,목포하당DT점,전남 목포시 상동 1126-2,전남 목포시 통일대로 88 (상동),061-982-3500,08:00~24:00,"맥드라이브, 맥딜리버리, 맥모닝, 주차",34.8004310,126.4337710
전남,순천조례DT,전남 순천시 조례동 382-1,전남 순천시 순광로 75,061-901-9200,24시간,"24시간, 맥드라이브, 맥딜리버리, 맥모닝, 주차, 디카페인 커피",34.9572980,127.5287120
전남,여수 학동 DT점,전남 여수시 학동 82-3,전남 여수시 망마로 9 (학동),061-922-9200,24시간,"24시간, 맥드라이브, 맥딜리버리, 맥모닝, 주차, 디카페인 커피",34.7609980,127.6644620
전남,목포남악DT점,전남 무안군 삼향읍 남악리 2148,전남 무안군 삼향읍 남악3로 58,061-980-3500,07:00~01:00,"맥드라이브, 맥딜리버리, 맥모닝, 주차, 디카페인 커피",34.8107491,126.4606712
전남,광양DT,전남 광양시 중동 1309-3,전남 광양시 동광길 5,061-913-3400,07:00~24:00,"맥드라이브, 맥딜리버리, 맥모닝, 주차, 디카페인 커피",34.9393534,127.6997305
경북,김천평화DT점,경북 김천시 평화동 2-2,경북 김천시 자산로 199,054-910-6700,24시간,"24시간, 맥드라이브, 맥딜리버리, 맥모닝, 주차, 디카페인 커피",36.127952,128.117844
경북,구미도량 DT,경북 구미시 도량동 524-3,경북 구미시 야은로 447,054-602-6200,07:00~01:00,"맥드라이브, 맥딜리버리, 맥모닝, 주차, 디카페인 커피",36.1362527,128.3320295
경북,경주황남 DT,경북 경주시 노서동 169-4,경북 경주시 태종로 701,054-624-4900,24시간,"24시간, 맥드라이브, 맥딜리버리, 맥모닝, 주차, 디카페인 커피",35.8388905,129.2049056
경북,포항북부 DT,경북 포항시 북구 두호동 724,경북 포항시 북구 삼호로 202,054-614-2600,24시간,"24시간, 맥드라이브, 맥딜리버리, 맥모닝, 주차, 디카페인 커피",36.0563529,129.3775382
경북,포항남부DT점,경북 포항시 남구 대잠동 915,경북 포항시 남구 새천년대로 470 (대잠동),054-614-6100,24시간,"24시간, 맥드라이브, 맥딜리버리, 맥모닝, 주차, 디카페인 커피",36.0172853,129.3472423
경북,포항장성DT점,경북 포항시 북구 장성동 1576-5,경북 포항시 북구 새천년대로 1261 (장성동),054-610-3500,24시간,"24시간, 맥드라이브, 맥딜리버리, 맥모닝, 주차, 디카페인 커피",36.0747692,129.3848809
경북,이마트 포항점,경북 포항시 남구 인덕동 161-176,경북 포항시 남구 냉천로 10 (인덕동),054-610-1600,10:00~22:00,"주차, 디카페인 커피",35.991381,129.39895
경북,구미형곡점,경북 구미시 형곡동 146-9,경북 구미시 형곡중앙로 31 (형곡동),"070-7017-0577, 070-7017-0645",08:00~24:00,"맥드라이브, 맥딜리버리, 맥모닝, 주차, 디카페인 커피",36.111127,128.335711
경북,포항 2,경북 포항시 북구 상원동 466-1,경북 포항시 북구 중앙로 291,054-610-3900,08:00~24:00,"맥딜리버리, 맥모닝, 디카페인 커피",36.039009,129.365716
경북,경주,경북 경주시 노동동 102-6,경북 경주시 중앙로 35,054-624-7800,08:00~23:00,"맥딜리버리, 맥모닝, 디카페인 커피",35.843071,129.211478
경북,경주보문DT,경북 경주시 신평동 436,경북 경주시 보문로 441,054-624-4700,08:00~24:00,"맥드라이브, 맥모닝, 주차, 디카페인 커피",35.8437132,129.2882117
경북,구미인동DT,경북 구미시 인의동 1004-1,경북 구미시 인동북길 155,054-602-6300,24시간,"24시간, 맥드라이브, 맥딜리버리, 맥모닝, 주차, 디카페인 커피",36.0953595,128.4315431
경북,구미옥계DT점,경북 구미시 옥계동 362-1,경북 구미시 옥계2공단로 390,054-602-2300,24시간,"24시간, 맥드라이브, 맥딜리버리, 맥모닝, 주차, 디카페인 커피",36.1403367,128.4182258
경북,경주용강 DT,경북 경주시 용강동 875,경북 경주시 산업로 4364,054-624-5800,24시간,"24시간, 맥드라이브, 맥딜리버리, 맥모닝, 주차, 디카페인 커피",35.8690051,129.2250611
경북,영천DT,경북 영천시 망정동 206-9,경북 영천시 호국로 141,054-927-2100,09:00~22:00,"맥드라이브, 맥딜리버리, 맥모닝, 주차, 디카페인 커피",35.9762739,128.9526380
경북,경산정평DT,경북 경산시 정평동 147-6,경북 경산시 대학로 37,053-217-9200,24시간,"24시간, 맥드라이브, 맥딜리버리, 맥모닝, 주차, 디카페인 커피",35.834700,128.727062
경북,안동DT,경북 안동시 옥동 985-10,경북 안동시 경북대로 335 (옥동),054-900-5200,24시간,"24시간, 맥드라이브, 맥딜리버리, 맥모닝, 주차",36.560062,128.703393
경남,통영죽림DT,경남 통영시 광도면 죽림리 1569-1,경남 통영시 광도면 죽림4로 36,055-990-9900,07:00~02:00,"맥드라이브, 맥딜리버리, 맥모닝, 주차, 디카페인 커피",34.8842312,128.4176021
경남,창원역DT점,경남 창원시 의창구 팔용동 149-4,경남 창원시 의창구 의창대로 50 (팔용동),055-601-3700,07:00~24:00,"맥드라이브, 맥딜리버리, 맥모닝, 주차, 디카페인 커피",35.2559358,128.6067754
경남,사천DT,경남 사천시 사천읍 수석리 320-11,경남 사천시 사천읍 사천대로 1838,055-957-2500,07:00~24:00,"맥드라이브, 맥딜리버리, 맥모닝, 주차, 디카페인 커피",35.080744,128.083462
경남,김해삼계 DT,경남 김해시 삼계동 1460-5,경남 김해시 가야로 167,055-902-2700,24시간,"24시간, 맥드라이브, 맥딜리버리, 맥모닝, 주차, 디카페인 커피",35.2627423,128.8720488
경남,창원상남,경남 창원시 성산구 상남동 35-1,"경남 창원시 성산구 단정로 22, 1층",055-601-1700,24시간,"24시간, 맥딜리버리, 맥모닝, 디카페인 커피",35.2198264,128.6827941
경남,김해삼정 DT,경남 김해시 삼정동 616-3,경남 김해시 김해대로 2471,055-904-3700,24시간,"24시간, 맥드라이브, 맥딜리버리, 맥모닝, 주차, 디카페인 커피",35.2281242,128.8968947
경남,진주칠암 DT,경남 진주시 주약동 94-1,경남 진주시 진주대로 838,055-920-9700,24시간,"24시간, 맥드라이브, 맥딜리버리, 맥모닝, 주차, 디카페인 커피",35.1755202,128.0930724
경남,옥포 SK DT,경남 거제시 옥포동 551-1,경남 거제시 거제대로 3714 (옥포동),055-950-1400,24시간,"24시간, 맥드라이브, 맥딜리버리, 맥모닝, 주차, 디카페인 커피",34.8886974,128.6917714
경남,마산신포DT,경남 창원시 마산합포구 신포동1가 25-1,경남 창원시 마산합포구 서성로 8,055-602-7500,24시간,"24시간, 맥드라이브, 맥딜리버리, 맥모닝, 주차, 디카페인 커피",35.1979970,128.5707100
경남,웅상DT,경남 양산시 삼호동 1016-9,경남 양산시 웅상대로 1259,055-913-1800,24시간,"24시간, 맥드라이브, 맥딜리버리, 맥모닝, 디카페인 커피",35.410612,129.164741
경남,거제,경남 거제시 장평동 1211,경남 거제시 장평로 12 디큐브백화점 1층,055-950-2300,24시간,"24시간, 맥딜리버리, 맥모닝, 디카페인 커피",34.8907590,128.6164715
경남,창원시티7,경남 창원시 의창구 대원동 121,경남 창원시 의창구 원이대로 320 더시티세븐몰 W-103 맥도날드,055-602-3800,24시간,"24시간, 맥딜리버리, 맥모닝, 주차, 디카페인 커피",35.2400818,128.6533769
경남,양산DT점,경남 양산시 동면 석산리 1421-9,경남 양산시 동면 남양산길 7,055-913-2500,24시간,"24시간, 맥드라이브, 맥딜리버리, 맥모닝, 주차, 디카페인 커피",35.328068,129.033486
경남,진주신안,경남 진주시 신안동 582-3,경남 진주시 진양호로 280 (신안동),055-921-8600,08:00~02:00,"맥딜리버리, 맥모닝",35.178345,128.064365
경남,진해,경남 창원시 진해구 화천동 48-15,경남 창원시 진해구 벚꽃로 68-1,055-601-7300,08:00~01:00,"맥딜리버리, 맥모닝, 디카페인 커피",35.151339,128.663628
경남,신마산,경남 창원시 마산합포구 해운동 5-119,경남 창원시 마산합포구 월영동서로 20,055-601-6900,24시간,"24시간, 맥딜리버리, 맥모닝, 주차, 디카페인 커피",35.1798836,128.5603864
경남,진해자은 DT,경남 창원시 진해구 자은동 808-2,경남 창원시 진해구 진해대로 950,055-601-5100,24시간,"24시간, 맥드라이브, 맥딜리버리, 맥모닝, 주차, 디카페인 커피",35.1447205,128.7068096
경남,창원사파DT,경남 창원시 성산구 사파동 97-4,경남 창원시 성산구 창이대로706번길 2,055-601-1800,24시간,"24시간, 맥드라이브, 맥딜리버리, 맥모닝, 주차, 디카페인 커피",35.2219640,128.7003050
경남,김해외동DT점,경남 김해시 외동 238-3,경남 김해시 분성로 144 (외동),055-902-2800,24시간,"24시간, 맥드라이브, 맥딜리버리, 맥모닝, 주차, 디카페인 커피",35.2295240,128.8624750
경남,창원내서DT,경남 창원시 마산회원구 내서읍 중리 1043-8,경남 창원시 마산회원구 내서읍 광려천서로 77 맥도날드 창원내서DT점,055-601-1300,07:00~01:00,"맥드라이브, 맥딜리버리, 맥모닝, 주차, 디카페인 커피",35.2485149,128.5103547
경남,양산북정 DT점,경남 양산시 신기동 545-7,경남 양산시 양산대로 925,070-7209-0606,24시간,"24시간, 맥드라이브, 맥딜리버리, 맥모닝, 주차",35.3529749,129.0375763
경남,양산덕계DT점,경남 양산시 평산동 16-6,경남 양산시 웅상대로 910,055-912-4200,07:00~24:00,"맥드라이브, 맥딜리버리, 맥모닝, 주차, 디카페인 커피",35.3807370,129.1553340
경남,밀양 DT,경남 밀양시 삼문동 397,경남 밀양시 밀양대로 1872,055-927-5000,07:00~01:00,"맥드라이브, 맥딜리버리, 맥모닝, 주차, 디카페인 커피",35.4910290,128.7461350
경남,김해장유 DT,경남 김해시 대청동 316-1,경남 김해시 삼문로 34,055-903-2800,24시간,"24시간, 맥드라이브, 맥딜리버리, 맥모닝, 주차, 디카페인 커피",35.1926792,128.8044838
경남,진주가좌DT,경남 진주시 가좌동 644-3,경남 진주시 진주대로 612,055-920-4900,24시간,"24시간, 맥드라이브, 맥딜리버리, 맥모닝, 주차, 디카페인 커피",35.1615021,128.1071192
경남,진해용원DT,경남 창원시 진해구 용원동 1213-19,경남 창원시 진해구 용원로7번길 10,055-601-8400,08:00~24:00,"맥드라이브, 맥딜리버리, 맥모닝, 주차, 디카페인 커피",35.1011458,128.8106492
경남,진주혁신GSDT,경남 진주시 충무공동 222-1,경남 진주시 동진로 581,055-920-7600,08:00~24:00,"맥드라이브, 맥딜리버리, 맥모닝, 주차, 디카페인 커피",35.1792099,128.1547736
경남,마산석전DT,경남 창원시 마산회원구 석전동 261-14,경남 창원시 마산회원구 3.15대로 601,055-604-2800,24시간,"24시간, 맥드라이브, 맥딜리버리, 맥모닝, 주차, 디카페인 커피",35.228,128.574
강원,원주단계DT,강원 원주시 단계동 879-1,강원 원주시 서원대로 154 (단계동),033-900-6500,07:00~02:00,"맥드라이브, 맥딜리버리, 맥모닝, 주차, 디카페인 커피",37.344154,127.928521
강원,원주단구DT,강원 원주시 단구동 1026-16,강원 원주시 서원대로 426 (단구동),033-900-6400,06:00~01:00,"맥드라이브, 맥딜리버리, 맥모닝, 주차, 디카페인 커피",37.3291139,127.9513641
강원,속초DT,강원 속초시 조양동 636-53,강원 속초시 동해대로 4118,033-947-8100,24시간,"24시간, 맥드라이브, 맥딜리버리, 맥모닝, 주차, 디카페인 커피",38.1898673,128.583929
강원,강릉,강원 강릉시 임당동 86,강원 강릉시 경강로 2097,033-920-3100,24시간,"24시간, 맥딜리버리, 맥모닝, 디카페인 커피",37.7549777,128.8961252
강원,춘천퇴계DT,강원 춘천시 퇴계동 418-20,강원 춘천시 영서로 2173,033-910-5000,24시간,"24시간, 맥드라이브, 맥딜리버리, 맥모닝, 주차, 디카페인 커피",37.8590610,127.7310400
강원,동해DT,강원 동해시 천곡동 1066,강원 동해시 한섬로 93,033-930-2000,24시간,"24시간, 맥드라이브, 맥딜리버리, 맥모닝, 주차, 디카페인 커피",37.5208536,129.1140294
강원,춘천후평DT,강원 춘천시 후평동 702-5,강원 춘천시 후석로 334,033-911-9000,24시간,"24시간, 맥드라이브, 맥딜리버리, 맥모닝, 주차, 디카페인 커피",37.8808807,127.7494853
강원,강릉송정DT,강원특별자치도 강릉시 송정동 546-4,강원특별자치도 강릉시 경강로 2412,033-920-9200,24시간,"24시간, 맥드라이브, 맥딜리버리, 맥모닝, 주차",37.7722802,128.9239953
전북,전주인후DT점,전북 전주시 덕진구 인후동2가 1529-4,전북 전주시 덕진구 백제대로 692 (인후동2가),"070-7017-6511, 070-7017-6991",07:00~02:00,"맥드라이브, 맥딜리버리, 맥모닝, 주차",35.8440085,127.1450580
전북,전주송천 DT,전북 전주시 덕진구 송천동2가 527,전북 전주시 덕진구 송천중앙로 200,"063-901-7500, 070-7017-4553",24시간,"24시간, 맥드라이브, 맥딜리버리, 맥모닝, 주차, 디카페인 커피",35.864989,127.121885
전북,전주중화산점,전북 전주시 완산구 중화산동2가 648-11,전북 전주시 완산구 백제대로 238 (중화산동2가),063-903-3600,07:30~01:30,"맥드라이브, 맥모닝, 주차",35.8142624,127.1235637
전북,원광대,전북 익산시 신동 762-17,전북 익산시 무왕로 888,063-918-5400,09:00~02:00,"맥딜리버리, 맥모닝",35.9638583,126.9571199
전북,전주덕진 DT,전북 전주시 덕진구 덕진동1가 1401-18,전북 전주시 덕진구 기린대로 503,063-905-3400,08:00~02:00,"맥드라이브, 맥딜리버리, 맥모닝, 주차, 디카페인 커피",35.8438340,127.1230550
전북,전주효자 DT,전북 전주시 완산구 효자동1가 411-24,전북 전주시 완산구 용머리로 13,063-901-6400,24시간,"24시간, 맥드라이브, 맥딜리버리, 맥모닝, 주차, 디카페인 커피",35.8057830,127.1117512
전북,군산나운DT,전북 군산시 나운동 844-6,전북 군산시 나운로 132,063-911-9500,24시간,"24시간, 맥드라이브, 맥딜리버리, 맥모닝, 주차, 디카페인 커피",35.9621960,126.6961740
전북,익산영등DT점,전북 익산시 영등동 747-8,전북 익산시 무왕로 1046,063-915-9500,24시간,"24시간, 맥드라이브, 맥딜리버리, 맥모닝, 주차, 디카페인 커피",35.9581230,126.9729790
전북,전주평화 DT,전북 전주시 완산구 평화동1가 732-1,전북 전주시 완산구 모악로 4758,063-901-4500,07:00~02:00,"맥드라이브, 맥딜리버리, 맥모닝, 주차, 디카페인 커피",35.7938590,127.1326780
전북,전북정읍DT,전북 정읍시 수성동 524-17,전북 정읍시 남북로 51,063-927-3600,10:00~24:00,"맥드라이브, 맥딜리버리, 맥모닝, 주차, 디카페인 커피",35.5696764,126.8516727
전북,군산조촌DT,전북특별자치도 군산시 조촌동 471-1,전북특별자치도 군산시 조촌로 143,063-910-2200,24시간,"24시간, 맥드라이브, 맥딜리버리, 맥모닝, 주차, 디카페인 커피",35.9768446,126.737038
제주,제주서귀포DT,제주특별자치도 서귀포시 서귀동 284-29,제주특별자치도 서귀포시 일주동로 8665 (서귀동),064-901-2400,24시간,"24시간, 맥드라이브, 맥딜리버리, 맥모닝, 주차, 디카페인 커피",33.2532031,126.5626474
제주,제주시청DT,제주특별자치도 제주시 이도이동 1057-2,제주특별자치도 제주시 중앙로 277,064-901-3900,24시간,"24시간, 맥드라이브, 맥딜리버리, 맥모닝, 주차, 디카페인 커피",33.4956779,126.5331559
제주,제주노형 DT,제주특별자치도 제주시 노형동 903-5,제주특별자치도 제주시 노연로 7,064-901-7200,24시간,"24시간, 맥드라이브, 맥딜리버리, 맥모닝, 주차, 디카페인 커피",33.4863584,126.4808204
제주,탑동,제주특별자치도 제주시 건입동 1442,제주특별자치도 제주시 임항로 17 (건입동),064-901-1600,07:00~01:00,"맥딜리버리, 맥모닝, 디카페인 커피",33.5169250,126.5271375
제주,제주일도 DT,제주특별자치도 제주시 일도이동 369-11,제주특별자치도 제주시 동광로 134,064-901-2900,24시간,"24시간, 맥드라이브, 맥딜리버리, 맥모닝, 주차, 디카페인 커피",33.5075590,126.5411280
제주,제주공항DT점,제주특별자치도 제주시 용담이동 1787,제주특별자치도 제주시 도령로 159,064-901-2800,08:00~24:00,"맥드라이브, 맥딜리버리, 맥모닝, 주차, 디카페인 커피",33.4950661,126.4925675
제주,제주월드컵스타디움DT,제주특별자치도 서귀포시 강정동 231-1,제주특별자치도 서귀포시 일주서로 7,064-901-2700,07:00~24:00,"맥드라이브, 맥딜리버리, 맥모닝, 주차, 디카페인 커피",33.2494014,126.5073152
제주,제주중문DT,제주특별자치도 서귀포시 색달동 2558-1,제주특별자치도 서귀포시 중문관광로 38,064-900-3100,08:00~23:00,"맥드라이브, 맥딜리버리, 맥모닝, 디카페인 커피",33.2548670,126.4137630
제주,제주도남DT,제주특별자치도 제주시 도남동 419,제주특별자치도 제주시 연북로 434,064-901-7600,07:00~24:00,"맥딜리버리, 주차",33.480548,126.527551
제주,제주외도DT,제주특별자치도 제주시 외도이동 345-1,제주특별자치도 제주시 일주서로 7339,064-901-9200,24시간,"24시간, 맥드라이브, 맥딜리버리",33.493466,126.431264
