지역명,매장명,주소,전화번호,영업시간,서비스,위도,경도
서울,가락시장,서울시 송파구 중대로 109 대동빌딩 1층,02-6285-6110,08:00 - 22:00,"APP-패스트썹, APP-홈썹, 배달가능, 아침메뉴, 단체주문, 그릴드랩",37.4938191,127.1204900
서울,가산그레이트밸리,서울 금천구 디지털로9길 32,02-866-7119,08:00 - 22:00,"APP-패스트썹, APP-홈썹, 배달가능, 아침메뉴, 단체주문, 그릴드랩",37.4794816,126.8874869
서울,가산디지털단지,서울특별시 금천구 가산디지털1로 165 가산비지니스센터 102호,02-1544-1852,08:00 - 22:00,"APP-패스트썹, APP-홈썹, 주차가능, 배달가능, 아침메뉴, 단체주문, 시그니처랩",37.4802191,126.8809806
서울,가양역,"서울특별시 강서구 양천로 470 1층 102(일부), 103,106호",02-2668-6777,08:00 - 22:00,"APP-패스트썹, APP-홈썹, 주차가능, 배달가능, 아침메뉴, 단체주문, 시그니처랩",0800,2200
서울,강남역,서울특별시 강남구 강남대로96길 12,02-557-4727,08:00 - 22:00,"아침메뉴, 그릴드랩",37.4997492,127.0280880
서울,강남역GT타워,"서울 서초구 서초대로 411 GT타워 동관 1층 1호,2호,3호",02-3478-1014,00:00 - 24:00,"24시간, APP-패스트썹, APP-홈썹, 배달가능, 아침메뉴, 단체주문, 시그니처랩",0000,2400
서울,강남우성,서울특별시 강남구 강남대로66길 6,02-553-5232,08:00 - 22:00,"APP-패스트썹, APP-홈썹, 배달가능, 아침메뉴, 단체주문",37.4916842,127.0314711
서울,강동성심병원,서울특별시 강동구 성안로 147 1층,02-476-1131,08:00 - 22:00,"APP-패스트썹, APP-홈썹, 배달가능, 아침메뉴, 단체주문, 시그니처랩",37.5364278,127.1346145
서울,강변역,서울특별시 광진구 강변역로4길 10,02-446-0423,08:00 - 22:00,"APP-패스트썹, APP-홈썹, 주차가능, 배달가능, 아침메뉴, 단체주문, 시그니처랩",37.5353487,127.0934210
서울,거여역,서울특별시 송파구 오금로 525,02-408-3031,08:00 - 23:00,"APP-패스트썹, APP-홈썹, 배달가능, 아침메뉴, 단체주문, 시그니처랩",37.4930833,127.1471218
서울,건대입구,서울특별시 광진구 아차산로 241 연한빌딩 102호,02-499-9292,08:00 - 00:00,"APP-패스트썹, APP-홈썹, 주차가능, 배달가능, 아침메뉴, 단체주문, 시그니처랩",37.5405171,127.0701725
서울,경복궁,서울특별시 종로구 사직로 115,02-725-5926,07:30 - 21:30,"APP-패스트썹, 아침메뉴, 단체주문, 시그니처랩",37.5762946,126.9714918
서울,경희대,서울특별시 동대문구 경희대로 5-1,02-957-1589,08:00 - 23:00,"APP-패스트썹, APP-홈썹, 배달가능, 아침메뉴, 단체주문",37.5921536,127.0521914
서울,고덕역,서울특별시 강동구 동남로 75길 13-10,02-427-0217,08:00 - 23:00,"APP-패스트썹, APP-홈썹, 주차가능, 배달가능, 아침메뉴, 단체주문, 시그니처랩",37.5539195,127.1550552
서울,고려대,서울 성북구 고려대로 24길 20,02-926-1269,07:30 - 22:30,"APP-패스트썹, APP-홈썹, 배달가능, 아침메뉴, 단체주문, 시그니처랩",37.5853665,127.0292712
서울,공덕역롯데캐슬,서울특별시 마포구 마포대로 109 롯데캐슬프레지던트,02-713-7775,07:00 - 22:00,"주차가능, 아침메뉴, 단체주문, 시그니처랩",37.5450054,126.9512549
서울,공릉,서울특별시 노원구 공릉로 207,02-977-0045,08:00 - 22:00,"APP-패스트썹, APP-홈썹, 배달가능, 아침메뉴, 단체주문, 시그니처랩",37.6279150,127.0776681
서울,광운대역,서울특별시 노원구 광운로 57,02-942-7779,08:00 - 22:00,"APP-패스트썹, APP-홈썹, 주차가능, 배달가능, 아침메뉴, 단체주문, 시그니처랩",37.6226426,127.0595552
서울,광장,서울특별시 광진구 아차산로 480,02-455-2224,08:00 - 21:30,"APP-패스트썹, APP-홈썹, 배달가능, 아침메뉴, 단체주문, 시그니처랩",37.5404545,127.0952435
서울,광화문,서울특별시 종로구 새문안로 3길 19,02-723-7222,08:00 - 22:00,"APP-패스트썹, APP-홈썹, 배달가능, 아침메뉴, 단체주문, 시그니처랩",37.5720212,126.9724621
서울,교대,서울특별시 서초구 서초중앙로22길 47 문화빌딩 1층,02-581-0696,08:00 - 22:00,"APP-패스트썹, APP-홈썹, 배달가능, 아침메뉴, 단체주문, 시그니처랩",37.4936127,127.0166920
서울,구로NC,서울특별시 구로구 구로중앙로 152,02-6923-2155,07:00 - 22:00,"APP-패스트썹, APP-홈썹, 배달가능, 아침메뉴, 단체주문, 시그니처랩",37.5011324,126.8828000
서울,구로디지털,서울특별시 구로구 디지털로34길 55 코오롱싸이언스밸리 2차 109호,02-2088-7279,08:00 - 22:00,"APP-패스트썹, APP-홈썹, 배달가능, 아침메뉴, 단체주문",37.4841595,126.8994585
서울,구산역,서울특별시 은평구 서오릉로 150,02-355-4650,08:00 - 22:00,"APP-패스트썹, APP-홈썹, 주차가능, 배달가능, 아침메뉴, 단체주문, 시그니처랩",37.6119557,126.9165857
서울,구의,서울특별시 광진구 자양로 113 구의현대하이엘 1층,02-446-6444,08:00 - 22:00,"APP-패스트썹, APP-홈썹, 주차가능, 배달가능, 아침메뉴, 단체주문, 시그니처랩",37.5378939,127.0829911
서울,구파발역,서울특별시 은평구 진관2로 29-21  드림스퀘어,02-3157-3167,08:00 - 22:00,"APP-패스트썹, APP-홈썹, 주차가능, 배달가능, 아침메뉴, 단체주문",37.6357288,126.9193479
서울,국민대학교,서울특별시 성북구 정릉로 77 북악관,02-910-6895,11:00 - 18:00,"APP-패스트썹, APP-홈썹, 주차가능, 아침메뉴, 단체주문, 시그니처랩",37.6108107,126.9969024
서울,군자역,서울특별시 광진구 능동로 290 삼일빌딩,02-456-6444,07:30 - 22:30,"APP-패스트썹, APP-홈썹, 배달가능, 아침메뉴, 단체주문, 시그니처랩",37.5555794,127.0789874
서울,길동역,"서울 강동구 양재대로 1471 길동 1층 103,110호",02-470-6032,08:00 - 22:00,"APP-패스트썹, APP-홈썹, 배달가능, 아침메뉴, 단체주문, 시그니처랩",2200,37.5373655
서울,길음뉴타운,서울특별시 성북구 길음로 7길 6,02-918-7432,07:30 - 21:30,"APP-패스트썹, APP-홈썹, 주차가능, 배달가능, 아침메뉴, 단체주문, 시그니처랩",37.6043358,127.0223968
서울,낙성대역,서울특별시 관악구 남부순환로 1904,02-877-6687,08:00 - 22:00,"APP-패스트썹, APP-홈썹, 주차가능, 배달가능, 아침메뉴, 단체주문, 시그니처랩",37.4778877,126.9607000
서울,남영역,서울특별시 용산구 한강대로 271,02-706-5007,08:00 - 22:00,"APP-패스트썹, APP-홈썹, 아침메뉴, 단체주문, 시그니처랩",37.5424270,126.9723684
서울,노량진역,서울 동작구 노량진로 152-1,-,00:00 - 24:00,"24시간, APP-패스트썹, APP-홈썹, 배달가능, 아침메뉴, 단체주문, 시그니처랩",37.5134407,126.9428869
서울,노원,서울특별시 노원구 노해로 502 노원빌딩 1층,02-936-0501,08:00 - 23:00,"APP-패스트썹, APP-홈썹, 배달가능, 아침메뉴, 단체주문",37.6545660,127.0636241
서울,논현역,서울특별시 서초구 강남대로 535 프린스빌딩,02-512-1014,00:00 - 24:00,"24시간, APP-패스트썹, APP-홈썹, 배달가능, 아침메뉴, 단체주문, 그릴드랩",37.5096147,127.0216066
서울,당산역,서울특별시 영등포구 양평로 58,02-2636-1014,08:00 - 23:00,"APP-패스트썹, APP-홈썹, 주차가능, 배달가능, 아침메뉴, 단체주문, 그릴드랩",37.5350840,126.9007167
서울,대림삼거리,서울특별시 영등포구 시흥대로 681 삼성YJ그랜드빌딩 신관동 1층,02-847-8255,08:00 - 22:00,"APP-패스트썹, APP-홈썹, 주차가능, 배달가능, 아침메뉴, 단체주문, 시그니처랩",37.4922856,126.9087115
서울,대청,서울특별시 강남구 일원로3길 4,02-459-7975,08:00 - 22:00,"APP-패스트썹, APP-홈썹, 배달가능, 아침메뉴, 시그니처랩",37.4910604,127.0811918
서울,대치,서울시 강남구 도곡로 447,02-562-8882,08:00 - 22:00,"APP-패스트썹, APP-홈썹, 배달가능, 아침메뉴, 단체주문, 시그니처랩",37.4987016,127.0593378
서울,대학로,서울특별시 종로구 동숭길 101 현대엘리베이터,02-764-5656,08:30 - 22:30,"APP-패스트썹, 아침메뉴, 시그니처랩",37.5824625,127.0040379
서울,덕성여대,서울특별시 도봉구 삼양로 538,02-6369-1990,08:00 - 22:00,"아침메뉴, 단체주문, 시그니처랩",37.6510753,127.0131990
서울,독립문,서울특별시 종로구 송월길 155 경희궁자이4단지 상가 1층 4104-4106호,02-730-8255,07:00 - 21:00,"APP-패스트썹, APP-홈썹, 주차가능, 배달가능, 아침메뉴, 단체주문, 시그니처랩",37.5716749,126.9612654
서울,독산,서울특별시 금천구 시흥대로 399 112호,02-803-2346,08:00 - 22:00,"APP-패스트썹, APP-홈썹, 주차가능, 배달가능, 아침메뉴, 단체주문, 시그니처랩",37.4693592,126.8970019
서울,동대문역,서울특별시 종로구 종로 263-1,02-747-9809,08:00 - 22:00,"APP-패스트썹, APP-홈썹, 배달가능, 아침메뉴, 단체주문, 시그니처랩",37.5713859,127.0072251
서울,동대문역사문화공원,서울특별시 중구 장충단로 227-2,02-2269-2100,07:00 - 23:00,"APP-패스트썹, APP-홈썹, 배달가능, 아침메뉴, 단체주문, 시그니처랩",37.5650885,127.0071995
서울,동덕여대,서울특별시 성북구 화랑로13길 10,02-6404-2212,08:00 - 22:00,"APP-패스트썹, APP-홈썹, 배달가능, 아침메뉴, 단체주문, 시그니처랩",37.6038977,127.0427576
서울,동양미래대,서울특별시 구로구 경인로 445 동양미래대 8호관,02-2686-6890,08:00 - 22:00,"APP-패스트썹, APP-홈썹, 주차가능, 배달가능, 아침메뉴, 단체주문, 시그니처랩",37.5009475,126.8675318
서울,등촌역,서울특별시 양천구 공항대로 552 101호,02-6053-2543,08:00 - 22:00,"APP-패스트썹, APP-홈썹, 배달가능, 아침메뉴, 단체주문, 시그니처랩",37.5495586,126.8669562
서울,뚝섬유원지역,"서울특별시 광진구 뚝섬로34길 67  광진트라팰리스 101호, 102호",02-467-4556,08:00 - 22:00,"APP-패스트썹, APP-홈썹, 배달가능, 아침메뉴, 단체주문, 시그니처랩",2200,37.5318554
서울,마곡나루역,서울특별시 강서구 마곡서로 152,02-6989-9840,07:00 - 22:00,"APP-패스트썹, APP-홈썹, 배달가능, 아침메뉴, 단체주문, 시그니처랩",37.5676701,126.8259797
서울,마포,서울특별시 마포구 마포대로 53  마포트라팰리스,02-715-0080,08:00 - 22:00,"APP-패스트썹, APP-홈썹, 주차가능, 배달가능, 아침메뉴, 단체주문, 시그니처랩",37.5415418,126.9473839
서울,마포구청,서울특별시 마포구 월드컵로 34길 7,02-307-6196,08:00 - 23:00,"APP-패스트썹, APP-홈썹, 주차가능, 배달가능, 아침메뉴, 단체주문, 시그니처랩",37.5650610,126.9030549
서울,망우,서울특별시 중랑구 용마산로115길 127 한일써너스빌리젠시1단지,02-432-9888,07:30 - 22:00,"APP-패스트썹, APP-홈썹, 주차가능, 배달가능, 아침메뉴, 단체주문, 시그니처랩",37.5973916,127.0934422
서울,망원역,서울특별시 마포구 월드컵로 87  마포로얄프라자,02-338-9933,08:30 - 22:30,"아침메뉴, 단체주문, 시그니처랩",37.5564763,126.9092474
서울,망원한강공원,서울 마포구 마포나루길 407,02-332-6612,08:00 - 23:00,"배달가능, 아침메뉴, 단체주문, 시그니처랩",37.5557956,126.8939668
서울,명동성당,서울특별시 중구 명동길 74 명동성당 B118호,02-318-6202,07:30 - 21:30,"APP-패스트썹, APP-홈썹, 배달가능, 아침메뉴, 단체주문, 시그니처랩",37.5633352,126.9872743
서울,명일역,서울특별시 강동구 양재대로 1625,02-477-5141,08:00 - 23:00,"APP-패스트썹, APP-홈썹, 배달가능, 아침메뉴, 단체주문, 시그니처랩",37.5505838,127.1435166
서울,명지대,서울특별시 서대문구 거북골로 23,02-374-7300,08:00 - 22:00,"APP-패스트썹, APP-홈썹, 아침메뉴, Drive Thru, 단체주문, 시그니처랩",37.5800142,126.9248636
서울,목동사거리,서울특별시 강서구 등촌로 23,070-8877-2543,08:00 - 23:00,"APP-패스트썹, APP-홈썹, 배달가능, 아침메뉴, 단체주문, 시그니처랩",37.5319903,126.8634668
서울,목동역,서울특별시 양천구 오목로 238 론드사옥 1층,02-2603-5368,08:00 - 22:00,"APP-패스트썹, APP-홈썹, 배달가능, 아침메뉴, 단체주문, 시그니처랩",37.5258954,126.8639583
서울,묵동,서울특별시 중랑구 동일로 952 로프트원 태릉입구역,02-978-3434,08:00 - 23:00,"APP-패스트썹, APP-홈썹, 배달가능, 아침메뉴, 단체주문, 그릴드랩",37.6153331,127.0768804
서울,문래,서울특별시 영등포구 선유로 70,02-2637-3002,08:00 - 22:00,"APP-패스트썹, APP-홈썹, 주차가능, 배달가능, 아침메뉴, 단체주문, 시그니처랩",37.5201718,126.8901620
서울,문정법조,서울특별시 송파구 충민로 5 송파한화오벨리스크,02-403-7344,08:00 - 22:00,"APP-패스트썹, APP-홈썹, 주차가능, 배달가능, 아침메뉴, 단체주문, 시그니처랩",37.4801332,127.1196663
서울,문정역,서울특별시 송파구 법원로 114 현대엠스테이트 C동 119호,02-3012-1259,08:00 - 22:00,"APP-패스트썹, APP-홈썹, 주차가능, 배달가능, 아침메뉴, 단체주문, 시그니처랩",37.4857987,127.1206993
서울,미아사거리역,서울특별시 강북구 도봉로 41-1,02-988-1641,08:00 - 22:00,"APP-패스트썹, APP-홈썹, 배달가능, 아침메뉴, 단체주문, 시그니처랩",37.6127257,127.0296877
서울,미아역,서울특별시 강북구 도봉로 209,02-946-1596,08:00 - 22:00,"APP-패스트썹, APP-홈썹, 배달가능, 아침메뉴, 단체주문, 시그니처랩",37.6272631,127.0254991
서울,발산역,서울특별시 강서구 마곡중앙6로 93,02-3663-6837,08:00 - 22:00,"APP-패스트썹, APP-홈썹, 주차가능, 배달가능, 아침메뉴, 단체주문, 시그니처랩",37.5601357,126.8376979
서울,방배,서울특별시 서초구 효령로 111 1층,02-896-6000,08:00 - 22:00,"주차가능, 아침메뉴, 단체주문, 시그니처랩",37.4812705,126.9962021
서울,방이역,서울 송파구 마천로 39,-,08:00 - 23:00,"APP-패스트썹, APP-홈썹, 배달가능, 아침메뉴, 단체주문",37.5091405,127.1252710
서울,방학역,서울특별시 도봉구 도봉로 684,02-956-1237,08:00 - 22:00,"APP-패스트썹, APP-홈썹, 배달가능, 아침메뉴, 단체주문, 그릴드랩",37.6653467,127.0435897
서울,보라매,서울특별시 동작구 보라매로3길 29 해태보라매타워,02-832-2522,08:00 - 22:00,"APP-패스트썹, APP-홈썹, 주차가능, 배달가능, 아침메뉴, 단체주문, 시그니처랩",37.4914050,126.9251860
서울,봉은사역,서울특별시 강남구 봉은사로 627,02-545-5729,08:00 - 22:00,"APP-패스트썹, APP-홈썹, 주차가능, 아침메뉴, 단체주문, 그릴드랩",37.5152309,127.0640327
서울,북촌,서울 종로구 계동길 5,02-747-4400,07:00 - 21:00,"APP-패스트썹, 아침메뉴, 단체주문, 시그니처랩",37.5773978,126.9863780
서울,사당역,서울시 서초구 동작대로 24,02-6941-0386,08:00 - 23:00,"APP-패스트썹, APP-홈썹, 배달가능, 아침메뉴, 단체주문, 시그니처랩",37.4786719,126.9821640
서울,삼성,서울특별시 강남구 삼성로 520,02-2051-2008,08:00 - 23:00,"APP-패스트썹, APP-홈썹, 배달가능, 아침메뉴, 단체주문, 시그니처랩",37.5086989,127.0559332
서울,삼성중앙역,서울특별시 강남구 봉은사로 480,02-555-0696,08:00 - 23:00,"APP-패스트썹, APP-홈썹, 배달가능, 아침메뉴, 단체주문, 시그니처랩",37.5126954,127.0530176
서울,삼양솔샘,서울특별시 강북구 삼양로 162,02-6952-3399,08:00 - 22:00,"APP-패스트썹, APP-홈썹, 배달가능, 아침메뉴, 단체주문, 시그니처랩",37.6184146,127.0216303
서울,삼전역,서울시 송파구 백제고분로 197 1층 101호,02-425-5141,08:00 - 23:00,"APP-패스트썹, APP-홈썹, 배달가능, 아침메뉴, 단체주문, 시그니처랩",37.5043859,127.0887840
서울,상봉역,서울특별시 중랑구 망우로 316,02-432-2938,08:00 - 22:00,"APP-패스트썹, APP-홈썹, 배달가능, 아침메뉴, 시그니처랩",37.5965182,127.0875551
서울,상수역,서울특별시 마포구 와우산로 44,02-323-6934,08:00 - 22:00,"APP-패스트썹, APP-홈썹, 배달가능, 아침메뉴, 단체주문, 시그니처랩",37.5483288,126.9231988
서울,상암,서울특별시 마포구 월드컵북로 361 DMC 이안상암2단지,02-533-9464,08:00 - 22:00,"APP-패스트썹, APP-홈썹, 주차가능, 배달가능, 아침메뉴, 단체주문",37.5771101,126.8913997
서울,상암DMC푸르지오시티,서울특별시 마포구 월드컵북로54길 25 상암DMC 푸르지오시티 103호,02-303-4566,08:00 - 22:00,"APP-패스트썹, APP-홈썹, 주차가능, 배달가능, 아침메뉴, 단체주문, 시그니처랩",37.5820926,126.8889847
서울,상왕십리,서울특별시 성동구 왕십리로 410 센트라스,02-2296-9898,08:00 - 22:00,"APP-패스트썹, APP-홈썹, 배달가능, 아침메뉴, 단체주문, 시그니처랩",37.5665508,127.0247865
서울,상일동,서울특별시 강동구 상일로6길 21,070-8800-0217,08:00 - 22:00,"APP-패스트썹, APP-홈썹, 주차가능, 배달가능, 아침메뉴, 단체주문, 시그니처랩",37.5498262,127.1743386
서울,서강대,서울특별시 마포구 백범로 21,02-711-7007,08:00 - 22:00,"APP-패스트썹, APP-홈썹, 배달가능, 아침메뉴, 단체주문, 시그니처랩",37.5528522,126.9375391
서울,서울고속터미널,서울특별시 서초구 신반포로 194  본관지하10호,02-595-8900,07:00 - 22:00,"APP-패스트썹, APP-홈썹, 주차가능, 배달가능, 아침메뉴, 단체주문, 시그니처랩",37.5056800,127.0058468
서울,서울대,서울특별시 관악구 관악로 156,02-887-6887,08:00 - 22:00,"APP-패스트썹, APP-홈썹, 배달가능, 아침메뉴, 단체주문, 시그니처랩",37.4791330,126.9527047
서울,서울숲,서울특별시 성동구 왕십리로 108-1,02-499-2900,07:00 - 22:00,"APP-패스트썹, 아침메뉴, 단체주문, 시그니처랩",37.5473495,127.0447822
서울,서울시립대학교,서울특별시 동대문구 서울시립대로 163,02-6490-5866,10:00 - 19:00,"아침메뉴, 단체주문, 그릴드랩",37.5836390,127.0588564
서울,서울역동자,서울특별시 용산구 후암로 107 게이트웨이타워,02-777-8552,08:00 - 22:00,"APP-패스트썹, APP-홈썹, 배달가능, 아침메뉴, 단체주문",37.5534983,126.9735761
서울,서초법원,서울특별시 서초구 법원로1길 1,02-595-1718,07:00 - 22:00,"APP-패스트썹, APP-홈썹, 배달가능, 아침메뉴, 단체주문, 시그니처랩",37.4931939,127.0103114
서울,석촌역,"서울특별시 송파구 송파대로 438 106호, 107호",02-420-4320,08:00 - 22:00,"APP-패스트썹, 주차가능, 아침메뉴, 단체주문, 시그니처랩",2200,37.5059196
서울,석촌호수,서울특별시 송파구 석촌호수로 298,02-424-0020,08:00 - 22:00,"APP-패스트썹, APP-홈썹, 주차가능, 배달가능, 아침메뉴, 단체주문, 시그니처랩",37.5116204,127.1081738
서울,선릉,서울특별시 강남구 테헤란로 337,02-557-5004,08:00 - 23:00,"APP-패스트썹, APP-홈썹, 배달가능, 아침메뉴, 단체주문, 시그니처랩",37.5047776,127.0484885
서울,선유도역,서울특별시 영등포구 양평로 121,02-2632-1232,08:00 - 22:00,"APP-패스트썹, APP-홈썹, 아침메뉴, 단체주문, 시그니처랩",37.5375943,126.8941369
서울,선정릉역,서울특별시 강남구 봉은사로 328,02-555-9389,07:30 - 22:00,"APP-패스트썹, APP-홈썹, 배달가능, 아침메뉴, 단체주문, 시그니처랩",37.5097350,127.0429270
서울,성균관대,서울 종로구 성균관로 25-2 600주년기념관 지하 1층,02-3673-0102,10:30 - 18:30,"APP-패스트썹, 아침메뉴, 단체주문, 시그니처랩",37.5879535,126.9921594
서울,성대,서울특별시 종로구 창경궁로 234 동화빌딩,02-741-0677,08:00 - 22:00,"APP-패스트썹, APP-홈썹, 배달가능, 아침메뉴, 단체주문",37.5824974,126.9985547
서울,성수역,서울특별시 성동구 아차산로 113,02-497-2800,08:00 - 23:00,"APP-패스트썹, APP-홈썹, 주차가능, 배달가능, 아침메뉴, 단체주문, 시그니처랩",37.5446877,127.0569122
서울,세종대,서울특별시 광진구 광나루로 390,02-465-3285,07:30 - 22:00,"APP-패스트썹, APP-홈썹, 배달가능, 아침메뉴, 단체주문",37.5473917,127.0729784
서울,송파역,서울특별시 송파구 송파대로 374,02-420-2160,08:00 - 22:00,"APP-패스트썹, APP-홈썹, 주차가능, 아침메뉴, 단체주문, 시그니처랩",37.5013397,127.1112319
서울,수락산역,서울특별시 노원구 동일로 1669,02-2135-2535,08:00 - 22:00,"APP-패스트썹, APP-홈썹, 배달가능, 아침메뉴, 단체주문, 시그니처랩",37.6774491,127.0549313
서울,수서역,서울특별시 강남구 밤고개로 1길 10 B1,02-445-1636,08:00 - 22:00,"APP-패스트썹, APP-홈썹, 배달가능, 아침메뉴, 단체주문, 그릴드랩",37.4880245,127.1018445
서울,수유역,서울특별시 강북구 오패산로 417,02-998-1641,08:00 - 22:00,"APP-패스트썹, APP-홈썹, 배달가능, 아침메뉴, 단체주문, 시그니처랩",37.6376263,127.0258528
서울,숙명여대,서울특별시 용산구 청파로47길 42,02-702-2454,08:00 - 22:00,"APP-패스트썹, APP-홈썹, 배달가능, 아침메뉴, 단체주문, 시그니처랩",37.5448354,126.9681547
서울,순화동라마다,서울특별시 중구 칠패로 27 순화동 the# 주상복합,02-776-4518,07:00 - 21:00,"APP-패스트썹, APP-홈썹, 주차가능, 배달가능, 아침메뉴, 단체주문, 시그니처랩",37.5599339,126.9719947
서울,숭실대,서울시 동작구 사당로 10  지층 101호,02-812-3552,08:00 - 22:00,"24시간, APP-홈썹, 아침메뉴, 단체주문, 시그니처랩",37.4953307,126.9554589
서울,시청,서울특별시 중구 세종대로 68 천일빌딩,02-777-9200,07:30 - 21:30,"APP-패스트썹, 아침메뉴, 단체주문",37.5622675,126.9767006
서울,시흥,서울 금천구 시흥대로 224 금천리메인시티 1층,02-805-2346,08:00 - 22:00,"APP-패스트썹, APP-홈썹, 주차가능, 배달가능, 아침메뉴, 단체주문, 시그니처랩",37.4539296,126.9013002
서울,신금호역,서울 성동구 금호로 173,02-2235-6392,08:00 - 22:00,"APP-패스트썹, APP-홈썹, 배달가능, 아침메뉴, 시그니처랩",37.5553875,127.0185970
서울,신논현,서울특별시 서초구 강남대로 499,02-544-1014,00:00 - 24:00,"24시간, APP-패스트썹, APP-홈썹, 주차가능, 배달가능, 아침메뉴, 단체주문, 시그니처랩",37.5065217,127.0230669
서울,신당역,서울특별시 중구 퇴계로 388,02-2231-7088,08:00 - 22:00,"APP-패스트썹, APP-홈썹, 배달가능, 아침메뉴, 단체주문, 시그니처랩",37.5649954,127.0146558
서울,신대방삼거리,서울 동작구 상도로 105,02-6085-0029,08:00 - 22:30,"APP-패스트썹, APP-홈썹, 배달가능, 아침메뉴, 단체주문, 시그니처랩",37.5007443,126.9320111
서울,신도림,서울시 구로구 경인로 661 1층 101호,02-2068-0269,08:00 - 23:00,"APP-패스트썹, APP-홈썹, 배달가능, 아침메뉴, 단체주문, 시그니처랩",37.5100374,126.8883336
서울,신림,서울 관악구 신림로 318,02-888-8884,08:00 - 23:00,"APP-패스트썹, APP-홈썹, 배달가능, 아침메뉴, 단체주문, 시그니처랩",37.4825924,126.9302485
서울,신림역,서울특별시 관악구 신림로 344 SK허브그린,02-888-4455,08:00 - 22:00,"주차가능, 아침메뉴, 단체주문, 시그니처랩",37.4851585,126.9299942
서울,신사,서울특별시 강남구 도산대로 124 대영빌딩,02-546-2007,08:00 - 22:00,"APP-패스트썹, APP-홈썹, 주차가능, 배달가능, 아침메뉴, 단체주문, 시그니처랩",37.5169298,127.0223189
서울,신설동역,서울특별시 동대문구 왕산로 15-1,02-928-0258,08:00 - 22:00,"APP-패스트썹, APP-홈썹, 배달가능, 아침메뉴, 단체주문, 그릴드랩",37.5765396,127.0252796
서울,신정네거리역,서울특별시 양천구 중앙로 265,02-2607-9979,08:00 - 23:00,"APP-패스트썹, APP-홈썹, 배달가능, 아침메뉴, 단체주문, 시그니처랩",37.5199292,126.8527090
서울,신촌,서울특별시 서대문구 신촌로 121 아남오피스텔,02-3147-1248,08:00 - 22:30,"APP-패스트썹, APP-홈썹, 주차가능, 배달가능, 아침메뉴, 단체주문, 시그니처랩",37.5562107,126.9393157
서울,신촌로데오,서울특별시 서대문구 연세로 23,02-322-9431,08:00 - 23:00,"APP-패스트썹, APP-홈썹, 배달가능, 아침메뉴, 단체주문, 시그니처랩",37.5577640,126.9367086
서울,쌍문역,"서울특별시 도봉구 도봉로 468 1층 102호, 102-1호",02-999-5906,07:00 - 22:00,"APP-패스트썹, APP-홈썹, 배달가능, 아침메뉴, 단체주문, 시그니처랩",2200,37.6473897
서울,아차산역,서울특별시 광진구 천호대로 666,02-455-5440,07:00 - 22:00,"APP-패스트썹, APP-홈썹, 배달가능, 아침메뉴, 단체주문, 시그니처랩",37.5513776,127.0893773
서울,안국,서울특별시 종로구 우정국로 69 동일빌딩(조계사 인근),02-735-9000,07:00 - 21:00,"APP-패스트썹, APP-홈썹, 배달가능, 아침메뉴, 단체주문",37.5752033,126.9824683
서울,압구정역,서울특별시 강남구 압구정로 28길 13,02-548-1014,08:00 - 22:00,"APP-패스트썹, APP-홈썹, 배달가능, 아침메뉴, 단체주문, 시그니처랩",37.5256731,127.0278588
서울,애오개역,서울특별시 마포구 마포대로 180,02-702-7672,08:00 - 22:00,"APP-패스트썹, APP-홈썹, 배달가능, 아침메뉴, 그릴드랩",37.5501804,126.9555512
서울,약수역,서울특별시 중구 다산로 153,02-2256-9891,08:00 - 22:00,"APP-패스트썹, APP-홈썹, 배달가능, 아침메뉴, 단체주문, 시그니처랩",37.5574190,127.0118469
서울,양재역,서울시 서초구 남부순환로 2606 1층,02-579-5227,08:00 - 22:00,"APP-패스트썹, APP-홈썹, 주차가능, 배달가능, 아침메뉴, 단체주문, 그릴드랩",37.4844758,127.0357116
서울,양재하이브랜드,서울 서초구 매헌로 16 하이브랜드,02-2155-2090,08:00 - 23:00,"APP-패스트썹, APP-홈썹, 배달가능, 아침메뉴, 단체주문, 시그니처랩",37.4631951,127.0366233
서울,양천구청,서울특별시 양천구 목동서로 349 센트럴프라자,02-2652-2521,08:00 - 22:00,"APP-패스트썹, APP-홈썹, 주차가능, 아침메뉴, 단체주문",37.5174204,126.8653309
서울,양천향교역,"서울특별시 강서구 강서로 471 엠코지니어스타 A동 1층 109, 110호",02-3662-6697,08:00 - 22:00,"APP-패스트썹, APP-홈썹, 주차가능, 배달가능, 아침메뉴, 단체주문, 시그니처랩",2200,37.5674482
서울,언주역,서울특별시 강남구 봉은사로 206 대명빌딩,02-557-8805,00:00 - 24:00,"24시간, APP-패스트썹, APP-홈썹, 주차가능, 배달가능, 아침메뉴, 단체주문",37.5072452,127.0346753
서울,여의도KBS 본관,서울특별시 영등포구 국회대로62길 25 교육시설재난공제회관,02-782-1518,08:00 - 22:00,"APP-패스트썹, APP-홈썹, 배달가능, 아침메뉴, 단체주문, 시그니처랩",37.5263317,126.9177416
서울,여의도국회의사당,서울특별시 영등포구 국회대로 70길 19,02-761-1003,07:30 - 21:30,"APP-패스트썹, APP-홈썹, 주차가능, 배달가능, 아침메뉴, 단체주문, 시그니처랩",37.5292170,126.9208545
서울,여의도화재보험,서울특별시 영등포구 국제금융로 6길 38,02-6951-1118,07:30 - 21:30,"APP-패스트썹, APP-홈썹, 배달가능, 아침메뉴, 단체주문, 시그니처랩",37.5213869,126.9260068
서울,역삼,서울특별시 강남구 테헤란로 25길 20,02-501-1554,08:00 - 22:00,"APP-패스트썹, APP-홈썹, 배달가능, 아침메뉴, 단체주문, 시그니처랩",37.5016297,127.0356651
서울,연신내,서울특별시 은평구 연서로 215-1,02-352-1500,08:00 - 22:00,"APP-패스트썹, APP-홈썹, 배달가능, 아침메뉴, 단체주문, 시그니처랩",37.6179196,126.9195092
서울,연희,서울특별시 서대문구 연희로 93 연희오피스텔,02-333-0388,08:00 - 22:00,"APP-패스트썹, APP-홈썹, 주차가능, 아침메뉴, 단체주문, 시그니처랩",37.5664906,126.9303446
서울,영등포,서울특별시 영등포구 영중로 25,02-2635-5255,08:00 - 22:00,"APP-패스트썹, APP-홈썹, 배달가능, 아침메뉴, 단체주문, 시그니처랩",37.5185178,126.9053415
서울,오류동역,서울 구로구 경인로20길 4,02-6368-3535,07:30 - 22:30,"APP-패스트썹, APP-홈썹, 배달가능, 아침메뉴, 단체주문, 시그니처랩",37.4956052,126.8435870
서울,왕십리역,서울특별시 성동구 왕십리로 328,02-2295-1800,08:00 - 22:00,"APP-패스트썹, APP-홈썹, 배달가능, 아침메뉴, 단체주문, 시그니처랩",37.5628294,127.0334187
서울,외대,서울특별시 동대문구 이문로 116  그레이스 힐 타운,070-4137-7702,08:30 - 22:30,"APP-패스트썹, APP-홈썹, 배달가능, 아침메뉴, 단체주문, 시그니처랩",37.5969784,127.0608230
서울,용산역,서울특별시 용산구 한강대로 69,02-790-2220,07:00 - 23:00,"APP-패스트썹, APP-홈썹, 주차가능, 배달가능, 아침메뉴, 단체주문, 시그니처랩",37.5273235,126.9651744
서울,용산전자랜드,서울특별시 용산구 청파로 74 전자랜드 본관 A동 104호,02-706-6227,10:00 - 20:00,"APP-패스트썹, APP-홈썹, 주차가능, 배달가능, 아침메뉴, 단체주문, 시그니처랩",37.5327771,126.9596573
서울,은평구청,서울시 은평구 은평로 200-1,02-388-1479,08:00 - 22:00,"아침메뉴, 단체주문, 시그니처랩",37.6009716,126.9300175
서울,을지로3가,서울특별시 중구 을지로 103-1,02-2275-9890,08:00 - 22:00,"APP-패스트썹, APP-홈썹, 배달가능, 아침메뉴, 단체주문, 시그니처랩",37.5664342,126.9894336
서울,을지로입구,서울특별시 중구 남대문로 112,02-730-8777,07:30 - 21:30,"APP-패스트썹, APP-홈썹, 배달가능, 아침메뉴, 단체주문, 시그니처랩",37.5671379,126.9830113
서울,응암,서울특별시 은평구 은평로 108 101호,02-357-1479,08:00 - 22:00,"APP-패스트썹, APP-홈썹, 배달가능, 아침메뉴, 단체주문, 시그니처랩",37.5997236,126.9198793
서울,이대,서울 서대문구 이화여대길 34  1층,02-364-8870,08:00 - 22:00,"APP-패스트썹, APP-홈썹, 아침메뉴, 단체주문, 시그니처랩",37.5584288,126.9459565
서울,이수역,서울시 동작구 동작대로 119-1,02-599-1014,00:00 - 24:00,"24시간, APP-패스트썹, APP-홈썹, 배달가능, 아침메뉴, 단체주문, 시그니처랩",37.4873701,126.9819014
서울,이태원역,서울특별시 용산구 이태원로 189,02-790-1014,00:00 - 24:00,"24시간, APP-패스트썹, APP-홈썹, 배달가능, 아침메뉴, 단체주문, 시그니처랩",37.5348461,126.9949108
서울,잠실새내역,서울특별시 송파구 올림픽로 130,02-425-5582,08:00 - 22:00,"APP-패스트썹, APP-홈썹, 주차가능, 배달가능, 아침메뉴, 단체주문, 시그니처랩",37.5113788,127.0849952
서울,잠실역,서울특별시 송파구 올림픽로 293-19,02-2202-1300,08:00 - 22:00,"APP-패스트썹, APP-홈썹, 배달가능, 아침메뉴, 단체주문, 시그니처랩",37.5151330,127.1024990
서울,장안사거리,서울특별시 동대문구 답십리로 293,02-3390-4970,08:00 - 23:00,"APP-패스트썹, APP-홈썹, 배달가능, 아침메뉴, 단체주문, 시그니처랩",37.5724843,127.0730483
서울,장위뉴타운,서울 성북구 돌곶이로40길 46 꿈의숲 아이파크 717동 상가,02-941-0678,08:00 - 23:00,"APP-패스트썹, APP-홈썹, 배달가능, 아침메뉴, 단체주문, 시그니처랩",37.6186754,127.0479889
서울,정동,서울특별시 중구 새문안로 30,02-737-0808,08:00 - 22:00,"APP-패스트썹, APP-홈썹, 배달가능, 아침메뉴, 단체주문, 시그니처랩",37.5678511,126.9690639
서울,정릉,서울 성북구 보국문로 40,02-6498-8889,08:00 - 22:30,"APP-패스트썹, APP-홈썹, 배달가능, 아침메뉴, 그릴드랩",37.6081328,127.0102627
서울,종로,서울특별시 종로구 종로 77 통일빌딩,02-737-0034,08:00 - 22:00,"APP-패스트썹, APP-홈썹, 배달가능, 아침메뉴, 단체주문, 시그니처랩",37.5704289,126.9860464
서울,종로5가,서울특별시 종로구 종로 213-1,02-766-7537,08:00 - 22:00,"APP-패스트썹, 아침메뉴, 단체주문, 시그니처랩",37.5711861,127.0015313
서울,종암,서울 성북구 종암로 110,02-909-0501,08:00 - 22:00,"APP-패스트썹, APP-홈썹, 배달가능, 아침메뉴, 단체주문, 시그니처랩",37.6000941,127.0343406
서울,중계은행사거리,서울특별시 노원구 한글비석로 269,02-952-2266,08:00 - 23:00,"APP-패스트썹, APP-홈썹, 아침메뉴, 시그니처랩",37.6517265,127.0768035
서울,중곡역,서울시 광진구 중곡동 30-80,02-456-9665,07:30 - 22:00,"APP-패스트썹, APP-홈썹, 배달가능, 아침메뉴, 단체주문, 시그니처랩",37.5649432,127.0846011
서울,중랑역,서울특별시 중랑구 망우로 203,02-437-7300,08:30 - 23:00,"APP-패스트썹, APP-홈썹, 주차가능, 배달가능, 아침메뉴, 단체주문, 시그니처랩",37.5939790,127.0748050
서울,중앙대,서울특별시 동작구 흑석로 79,02-815-6429,08:00 - 22:00,"APP-패스트썹, APP-홈썹, 배달가능, 아침메뉴, 단체주문",37.5070302,126.9584326
서울,증미역,서울 강서구 양천로 570,02-2013-5678,08:00 - 22:00,"APP-패스트썹, APP-홈썹, 배달가능, 아침메뉴, 단체주문, 시그니처랩",37.5567284,126.8620105
서울,창동역,서울 도봉구 마들로13길 61,02-6958-7081,08:00 - 22:00,"APP-패스트썹, APP-홈썹, 주차가능, 배달가능, 아침메뉴, 단체주문, 시그니처랩",37.6544068,127.0497957
서울,천호,서울특별시 강동구 올림픽로 664,02-485-1077,08:00 - 22:00,"APP-패스트썹, APP-홈썹, 주차가능, 배달가능, 아침메뉴, 단체주문, 시그니처랩",37.5406109,127.1249414
서울,천호역,서울 강동구 천호대로 1012,02-483-1079,08:00 - 22:30,"APP-패스트썹, APP-홈썹, 주차가능, 배달가능, 아침메뉴, 단체주문, 시그니처랩",37.5381091,127.1242277
서울,청량리역사,서울특별시 동대문구 왕산로 214,02-3707-1367,07:00 - 22:00,"APP-패스트썹, APP-홈썹, 주차가능, 배달가능, 아침메뉴, 단체주문, 시그니처랩",37.5841971,127.0511390
서울,충무로,서울 중구 퇴계로 197,010-5100-0476,07:30 - 22:30,"APP-패스트썹, APP-홈썹, 배달가능, 아침메뉴, 단체주문, 시그니처랩",37.5614333,126.9939069
서울,충정로,서울특별시 서대문구 충정로 23 풍산빌딩 지하 2층,02-393-8609,07:30 - 21:00,"APP-패스트썹, APP-홈썹, 배달가능, 아침메뉴, 단체주문",37.5611475,126.9629441
서울,테헤란로,서울특별시 강남구 테헤란로 314 지하1층,02-555-1014,00:00 - 24:00,"24시간, APP-패스트썹, APP-홈썹, 배달가능, 아침메뉴, 단체주문, 그릴드랩",37.5029823,127.0452391
서울,포이사거리,서울특별시 강남구 논현로 84 1층,02-522-5777,08:00 - 22:00,"APP-패스트썹, APP-홈썹, 주차가능, 배달가능, 아침메뉴, 단체주문, 시그니처랩",37.4775446,127.0452854
서울,학동역,서울 강남구 학동로 171,02-515-1014,00:00 - 24:00,"24시간, APP-패스트썹, APP-홈썹, 배달가능, 아침메뉴, 단체주문, 그릴드랩",37.5140539,127.0295704
서울,한남,서울특별시 용산구 대사관로 63,02-790-2286,08:00 - 22:00,"APP-패스트썹, APP-홈썹, 주차가능, 배달가능, 아침메뉴, 단체주문, 시그니처랩",37.5334811,127.0052868
서울,한성대,서울특별시 성북구 동소문로 10,02-744-4949,08:00 - 22:00,"아침메뉴, 단체주문, 시그니처랩",37.5887382,127.0073399
서울,한양대,서울특별시 성동구 마조로11,02-2299-3555,08:30 - 22:30,"APP-패스트썹, APP-홈썹, 배달가능, 아침메뉴, 단체주문, 시그니처랩",37.5588737,127.0406513
서울,합정역메세나폴리스,서울특별시 마포구 양화로 45 메세나폴리스,02-384-9890,08:00 - 22:00,"APP-패스트썹, APP-홈썹, 주차가능, 배달가능, 아침메뉴, 단체주문, 시그니처랩",37.5510463,126.9137390
서울,홍대,서울특별시 마포구 홍익로 10,02-324-6688,09:00 - 23:00,"APP-패스트썹, 아침메뉴, 단체주문, 시그니처랩",37.5538000,126.9237000
서울,홍대아트,서울특별시 마포구 와우산로 117 102호,02-336-0522,08:00 - 22:00,"APP-패스트썹, APP-홈썹, 배달가능, 아침메뉴, 단체주문, 시그니처랩",37.5534367,126.9264418
서울,홍익대,서울특별시 마포구 홍익로 3,-,08:00 - 23:00,"APP-패스트썹, APP-홈썹, 배달가능, 아침메뉴, 단체주문",37.5529568,126.9238913
서울,홍제,서울특별시 서대문구 통일로 432-1,02-736-6535,08:00 - 22:00,"APP-패스트썹, APP-홈썹, 배달가능, 아침메뉴, 단체주문, 시그니처랩",37.5878144,126.9457401
서울,화곡역,서울특별시 강서구 강서로 159-1,02-2603-5353,08:00 - 22:00,"APP-홈썹, 아침메뉴, 단체주문, 시그니처랩",37.5410025,126.8406262
서울,회현,서울특별시 중구 소공로 35   남산롯데캐슬아이리스,02-3789-6467,08:00 - 21:00,"APP-패스트썹, APP-홈썹, 배달가능, 아침메뉴, 단체주문, 시그니처랩",37.5581967,126.9821196
부산,부산W스퀘어,"부산광역시 남구 분포로 145 스퀘어동  1055, 1056호 (용호동, 더블유)",070-8648-3439,08:00 - 22:00,"APP-패스트썹, APP-홈썹, 주차가능, 배달가능, 아침메뉴, 단체주문, 시그니처랩",0800,2200
부산,부산개금,부산광역시 부산진구 가야대로 486 해동빌딩 1층,051-892-0929,08:00 - 22:30,"APP-패스트썹, 아침메뉴, 단체주문, 그릴드랩",35.1528642,129.0251966
부산,부산경성대,부산광역시 남구 수영로 325번길 12,051-625-5617,08:00 - 22:00,"APP-패스트썹, APP-홈썹, 주차가능, 배달가능, 아침메뉴, 단체주문, 시그니처랩",35.1392279,129.1021071
부산,부산광복,부산광역시 중구 광복중앙로 3-1,051-246-7789,08:00 - 22:00,"아침메뉴, 시그니처랩",35.0996252,129.0310588
부산,부산광안비치,부산광역시 수영구 광안해변로 239,051-757-2232,08:00 - 22:00,"APP-패스트썹, APP-홈썹, 배달가능, 아침메뉴, 단체주문, 시그니처랩",35.1547779,129.1201080
부산,부산기장메가마트,부산광역시 기장군 일광읍 기장대로 673 메가마트 1층,051-724-7750,10:00 - 21:00,"주차가능, 아침메뉴, 단체주문, 시그니처랩",35.2546886,129.2218574
부산,부산기장신세계프리미엄아울렛,부산광역시 기장군 장안읍 정관로 1133 지하2층 554호,051-727-5914,11:00 - 21:00,"APP-패스트썹, APP-홈썹, 주차가능, 배달가능, 아침메뉴, 단체주문, 시그니처랩",35.3238110,129.2349663
부산,부산남천,부산광역시 수영구 수영로 462,051-612-2231,08:00 - 22:00,"APP-패스트썹, APP-홈썹, 배달가능, 아침메뉴, 단체주문, 시그니처랩",35.1469663,129.1105982
부산,부산당감,부산광역시 부산진구 동평로 98 1층,051-892-3731,08:00 - 23:00,"APP-패스트썹, APP-홈썹, 배달가능, 아침메뉴, 단체주문, 시그니처랩",35.1654602,129.0401651
부산,부산대,부산광역시 금정구 부산대학로 48,051-513-3331,08:00 - 22:00,"APP-패스트썹, APP-홈썹, 배달가능, 아침메뉴, 단체주문, 시그니처랩",35.2314360,129.0860738
부산,부산대역,부산광역시 금정구 금정로 60번길 40,051-517-3331,08:00 - 22:00,"APP-패스트썹, APP-홈썹, 배달가능, 아침메뉴, 단체주문, 시그니처랩",35.2293075,129.0883798
부산,부산대연,부산광역시 남구 수영로 246,051-612-7976,08:00 - 22:00,"APP-패스트썹, APP-홈썹, 배달가능, 아침메뉴, 단체주문, 시그니처랩",35.1349657,129.0934908
부산,부산덕천,부산광역시 북구 덕천1길 22,051-337-0217,08:00 - 23:00,"APP-패스트썹, APP-홈썹, 배달가능, 아침메뉴, 단체주문, 시그니처랩",35.2097404,129.0067684
부산,부산동래,부산 동래구 명륜로129번길 20 1층,051-555-1230,08:00 - 23:00,"APP-패스트썹, APP-홈썹, 배달가능, 아침메뉴, 단체주문, 시그니처랩",35.2054783,129.0812907
부산,부산동아대,부산광역시 사하구 낙동대로 542,070-8876-6040,08:00 - 22:00,"APP-패스트썹, APP-홈썹, 주차가능, 배달가능, 아침메뉴, 단체주문, 시그니처랩",35.1125820,128.9647000
부산,부산동의대,부산광역시 부산진구 엄광로 176 1층 국제관,051-890-3366,10:00 - 19:00,"APP-패스트썹, APP-홈썹, 주차가능, 배달가능, 아침메뉴, 단체주문, 시그니처랩",35.1418304,129.0346150
부산,부산롯데백화점광복,부산시 중구 중앙대로2 4층,051-678-3430,10:30 - 20:00,"아침메뉴, 단체주문, 그릴드랩",35.0983052,129.0367023
부산,부산명륜,부산광역시 동래구 명륜로 187번길 49,051-558-3210,08:00 - 23:00,"APP-패스트썹, APP-홈썹, 배달가능, 아침메뉴, 단체주문, 시그니처랩",35.2110187,129.0800052
부산,부산명지,부산광역시 강서구 명지오션시티4로 61,051-203-6767,08:00 - 22:00,"APP-패스트썹, APP-홈썹, 배달가능, 아침메뉴, 단체주문, 시그니처랩",35.0835222,128.9039059
부산,부산명지국제신도시,부산광역시 강서구 명지국제8로 264,051-292-2588,08:00 - 22:00,"APP-패스트썹, APP-홈썹, 배달가능, 아침메뉴, 단체주문, 시그니처랩",35.0975725,128.9215060
부산,부산반여,부산광역시 해운대구 선수촌로 75 1층,051-783-6384,08:00 - 22:00,"APP-패스트썹, APP-홈썹, 배달가능, 아침메뉴, 단체주문, 시그니처랩",35.2005712,129.1190288
부산,부산법원,부산광역시 연제구 법원로 32번길 18 1층 101-1호,051-507-1230,08:00 - 22:00,"APP-패스트썹, APP-홈썹, 배달가능, 아침메뉴, 단체주문, 시그니처랩",35.1910763,129.0748852
부산,부산부경대,부산광역시 남구 용소로 24,051-611-5617,08:00 - 22:00,"APP-패스트썹, APP-홈썹, 배달가능, 아침메뉴, 단체주문, 시그니처랩",35.1351734,129.1005653
부산,부산부민,부산광역시 서구 구덕로 226번길 3,051-254-6383,08:00 - 22:00,"APP-패스트썹, APP-홈썹, 배달가능, 아침메뉴, 단체주문, 시그니처랩",35.1048974,129.0202600
부산,부산사상,부산광역시 사상구 사상로 211,051-900-5226,08:00 - 23:00,"APP-패스트썹, APP-홈썹, 배달가능, 아침메뉴, 단체주문, 시그니처랩",35.1639823,128.9834125
부산,부산서면,부산광역시 부산진구 중앙대로 690,051-802-9404,08:00 - 22:30,"APP-패스트썹, APP-홈썹, 배달가능, 아침메뉴, 단체주문, 시그니처랩",35.1542706,129.0594194
부산,부산서면동천로,부산광역시 부산진구 동천로 71,051-817-1232,08:00 - 22:30,"APP-패스트썹, APP-홈썹, 배달가능, 아침메뉴, 단체주문, 시그니처랩",35.1550825,129.0621101
부산,부산서면롯데,부산광역시 부산진구 가야대로 784번길 23,051-809-8337,07:00 - 23:00,"아침메뉴, 단체주문, 시그니처랩",35.1564135,129.0573133
부산,부산센텀,부산광역시 해운대구 센텀5로 55,051-741-6777,08:00 - 22:00,"APP-패스트썹, APP-홈썹, 주차가능, 배달가능, 아침메뉴, 단체주문, 시그니처랩",35.1729683,129.1315739
부산,부산시청,부산광역시 연제구 중앙대로 1043,051-868-4140,08:00 - 22:30,"APP-패스트썹, APP-홈썹, 배달가능, 아침메뉴, 단체주문, 시그니처랩",35.1817620,129.0778309
부산,부산안락,"부산광역시 동래구 안연로 68 1층(안락동, 미니빌딩)",070-7537-2880,08:00 - 22:00,"APP-패스트썹, APP-홈썹, 주차가능, 배달가능, 아침메뉴, 단체주문",2200,35.1934949
부산,부산양정,부산광역시 부산진구 양지로 4,051-868-7937,08:00 - 22:00,"APP-패스트썹, APP-홈썹, 배달가능, 아침메뉴, 단체주문, 시그니처랩",35.1700124,129.0693258
부산,부산역,부산광역시 동구 중앙대로 206,070-4090-3721,09:00 - 19:00,"주차가능, 아침메뉴, 시그니처랩",35.1176012,129.0450579
부산,부산연산,부산광역시 연제구 중앙대로 1116 1층,070-7699-1544,08:00 - 22:00,"APP-패스트썹, APP-홈썹, 배달가능, 아침메뉴, 단체주문, 시그니처랩",35.1873043,129.0816474
부산,부산연산트레이더스,부산 연제구 좌수영로 241,051-751-1005,10:00 - 21:00,"APP-패스트썹, APP-홈썹, 주차가능, 배달가능, 아침메뉴, 단체주문, 시그니처랩",35.1851208,129.1119643
부산,부산영도,부산광역시 영도구 태종로 107,051-417-7852,08:00 - 22:00,"APP-패스트썹, APP-홈썹, 배달가능, 아침메뉴, 단체주문, 시그니처랩",35.0913194,129.0427460
부산,부산장전역,부산광역시 금정구 중앙대로 1719번길 30,051-704-3535,08:00 - 22:00,"APP-패스트썹, APP-홈썹, 배달가능, 아침메뉴, 단체주문, 시그니처랩",35.2379151,129.0904834
부산,부산정관,부산광역시 기장군 정관읍 정관로 565,051-727-9900,08:00 - 22:00,"APP-패스트썹, APP-홈썹, 배달가능, 아침메뉴, 단체주문, 시그니처랩",35.3218137,129.1759771
부산,부산좌동,부산광역시 해운대구 해운대로 794 엘리움 빌딩 104호,051-731-7717,08:00 - 22:00,"APP-패스트썹, APP-홈썹, 배달가능, 아침메뉴, 단체주문, 시그니처랩",35.1688150,129.1757451
부산,부산주례,부산광역시 사상구 가야대로 366번길 43,051-312-1588,08:00 - 22:00,"APP-패스트썹, APP-홈썹, 배달가능, 아침메뉴, 단체주문, 시그니처랩",35.1491088,129.0129146
부산,부산중앙,부산광역시 중구 중앙대로 102,051-462-6200,08:00 - 22:00,"APP-패스트썹, APP-홈썹, 주차가능, 배달가능, 아침메뉴, 단체주문, 시그니처랩",35.1067073,129.0365264
부산,부산진역,부산광역시 동구 중앙대로 365,051-441-3650,08:00 - 22:00,"APP-패스트썹, APP-홈썹, 주차가능, 배달가능, 아침메뉴, 단체주문, 시그니처랩",35.1285356,129.0480043
부산,부산토곡,부산광역시 연제구 과정로 237번길 119,051-753-6005,08:00 - 23:00,"APP-패스트썹, APP-홈썹, 주차가능, 배달가능, 아침메뉴, 단체주문, 시그니처랩",35.1846955,129.1069570
부산,부산하단아트몰링,"부산시 사하구 낙동남로1413 지하 1층(하단동, 아트몰링)",051-999-7301,10:00 - 22:00,"주차가능, 배달가능, 아침메뉴, 단체주문, 시그니처랩",2200,35.1067550
부산,부산해운대비치,부산광역시 해운대구 구남로 42-1,051-731-2234,08:00 - 23:00,"APP-패스트썹, APP-홈썹, 배달가능, 아침메뉴, 단체주문, 시그니처랩",35.1603201,129.1613113
부산,부산홈플러스아시아드,부산광역시 연제구 종합운동장로 7,051-506-0122,10:00 - 22:00,"주차가능, 아침메뉴, 단체주문, 시그니처랩",35.1912669,129.0620200
부산,부산화명,부산광역시 북구 화명신도시로 130,051-361-1015,08:00 - 22:00,"APP-패스트썹, APP-홈썹, 주차가능, 배달가능, 아침메뉴, 단체주문, 시그니처랩",35.2355259,129.0112965
대구,경산대구대,"경상북도 경산시 진량읍 대구대로 201  1층 1114호(대구대경산캠퍼스23, 과학관)",053-856-7073,08:00 - 20:00,"APP-패스트썹, 주차가능, 아침메뉴, 단체주문, 시그니처랩",2000,35.9010490
대구,대구경북대북문,대구광역시 북구 대학로 87,053-951-7802,08:00 - 23:00,"APP-패스트썹, APP-홈썹, 배달가능, 아침메뉴, 단체주문, 시그니처랩",35.8930527,128.6094521
대구,대구계대동문,대구광역시 달서구 계대동문로 9,053-593-5050,08:00 - 23:00,"APP-패스트썹, APP-홈썹, 배달가능, 아침메뉴, 단체주문, 시그니처랩",35.8558144,128.4932870
대구,대구광장,대구광역시 서구 달구벌대로 1689,053-573-3030,08:00 - 22:00,"APP-패스트썹, APP-홈썹, 배달가능, 아침메뉴, 단체주문, 시그니처랩",35.8555130,128.5501843
대구,대구교대,대구광역시 남구 중앙대로 243,053-622-6348,08:00 - 23:00,"APP-패스트썹, APP-홈썹, 배달가능, 아침메뉴, 단체주문, 그릴드랩",35.8551455,128.5902502
대구,대구다사,대구광역시 달성군 다사읍 달구벌대로 855,070-4143-6238,08:00 - 22:00,"APP-패스트썹, APP-홈썹, 배달가능, 아침메뉴, 단체주문, 시그니처랩",35.8596945,128.4637583
대구,대구동대구,대구 동구 동부로 158,053-742-0242,08:00 - 23:00,"APP-패스트썹, APP-홈썹, 배달가능, 아침메뉴, 단체주문, 그릴드랩",35.8770821,128.6296004
대구,대구동성로,대구광역시 중구 국채보상로 598,053-255-6841,07:00 - 23:59,"APP-패스트썹, APP-홈썹, 배달가능, 아침메뉴, 단체주문, 시그니처랩",35.8705269,128.5960431
대구,대구동성로2호,대구광역시 중구 동성로 6길 42,053-253-7801,08:00 - 23:00,"APP-패스트썹, APP-홈썹, 배달가능, 아침메뉴, 단체주문, 시그니처랩",35.8685509,128.5975821
대구,대구동촌DT,대구 동구 해동로 259,070-8851-0101,00:00 - 24:00,"24시간, APP-패스트썹, APP-홈썹, 주차가능, 배달가능, 아침메뉴, Drive Thru, 단체주문, 시그니처랩",35.8840400,128.6566514
대구,대구반월당,대구광역시 중구 달구벌대로 2076,070-4122-0077,08:00 - 22:00,"APP-패스트썹, APP-홈썹, 배달가능, 아침메뉴, 단체주문, 그릴드랩",35.8656764,128.5906437
대구,대구범어,대구광역시 수성구 동대구로 389,070-4135-7070,08:00 - 22:00,"APP-패스트썹, APP-홈썹, 배달가능, 아침메뉴, 단체주문, 시그니처랩",35.8652571,128.6262868
대구,대구상인역,대구 달서구 월배로 222  1층,053-643-0013,08:00 - 23:00,"배달가능, 아침메뉴, 단체주문, 시그니처랩",35.8186491,128.5377641
대구,대구서부정류장,대구광역시 달서구 월배로 487,070-7617-2525,08:00 - 22:00,"APP-패스트썹, APP-홈썹, 주차가능, 배달가능, 아침메뉴, 단체주문, 시그니처랩",35.8364451,128.5562662
대구,대구수성구청역,대구광역시 수성구 달구벌대로 2513,053-744-3688,08:00 - 23:00,"APP-패스트썹, APP-홈썹, 배달가능, 아침메뉴, 단체주문, 시그니처랩",35.8592288,128.6375870
대구,대구시지,대구광역시 수성구 달구벌대로 3201,070-4146-0154,08:00 - 23:00,"APP-패스트썹, APP-홈썹, 배달가능, 아침메뉴, 단체주문, 그릴드랩",35.8405818,128.7070720
대구,대구영대병원역,대구광역시 남구 대명로 287 1,053-657-6663,08:00 - 22:00,"APP-패스트썹, APP-홈썹, 배달가능, 아침메뉴, 단체주문, 시그니처랩",35.8440364,128.5873304
대구,대구월성,대구광역시 달서구 조암로 9,053-643-8400,08:00 - 22:00,"APP-패스트썹, APP-홈썹, 배달가능, 아침메뉴, 단체주문, 그릴드랩",35.8253157,128.5286980
대구,대구율하롯데몰,"대구광역시 동구 안심로 80 1층(율하동, 롯데쇼핑프라자)",053-607-2780,11:00 - 21:00,"APP-패스트썹, APP-홈썹, 주차가능, 배달가능, 아침메뉴, 단체주문, 시그니처랩",2100,35.8683955
대구,대구은행역,대구광역시 수성구 달구벌대로 2284,053-759-3787,08:00 - 22:00,"APP-패스트썹, APP-홈썹, 배달가능, 아침메뉴, 단체주문, 시그니처랩",35.8595768,128.6123426
대구,대구이시아폴리스,대구광역시 동구 팔공로 51길 15-8 1층 103호,053-985-6589,08:00 - 22:00,"APP-패스트썹, APP-홈썹, 배달가능, 아침메뉴, 단체주문, 그릴드랩",35.9222690,128.6390192
대구,대구죽전,대구광역시 달서구 와룡로 123,053-524-7770,08:00 - 23:00,"APP-패스트썹, APP-홈썹, 주차가능, 배달가능, 아침메뉴, 단체주문, 그릴드랩",35.8437859,128.5358559
대구,대구지산,대구광역시 수성구 지범로 180 1F,053-782-5761,08:00 - 22:00,"APP-패스트썹, APP-홈썹, 배달가능, 아침메뉴, 단체주문, 그릴드랩",35.8213136,128.6388937
대구,대구칠곡3지구,대구광역시 북구 학정로 422 1층,070-4246-5154,08:00 - 23:00,"APP-패스트썹, APP-홈썹, 주차가능, 배달가능, 아침메뉴, 단체주문, 시그니처랩",35.9421816,128.5638582
대구,대구침산,대구광역시 북구 침산남로 157,053-357-7770,08:00 - 23:00,"APP-패스트썹, APP-홈썹, 주차가능, 배달가능, 아침메뉴, 단체주문, 그릴드랩",35.8880754,128.5930080
대구,대구태전,대구시 북구 칠곡 중앙대로 332,053-325-3024,08:00 - 22:00,"APP-패스트썹, APP-홈썹, 주차가능, 배달가능, 아침메뉴, 단체주문, 시그니처랩",35.9253348,128.5475870
대구,대구테크노폴리스,대구광역시 달성군 현풍읍 테크노상업로 62,070-8844-1379,08:00 - 23:00,"APP-패스트썹, APP-홈썹, 주차가능, 배달가능, 아침메뉴, 단체주문, 그릴드랩",35.6931947,128.4563079
대구,대구평리DT,대구 서구 서대구로 111 1층,070-4147-7000,07:00 - 23:00,"APP-패스트썹, APP-홈썹, 주차가능, 배달가능, 아침메뉴, Drive Thru, 단체주문, 그릴드랩",35.8677716,128.5550611
대구,부산반여,부산광역시 해운대구 선수촌로 75 1층,051-783-6384,08:00 - 22:00,"APP-패스트썹, APP-홈썹, 배달가능, 아침메뉴, 단체주문, 시그니처랩",35.2005712,129.1190288
대구,부산센텀,부산광역시 해운대구 센텀5로 55,051-741-6777,08:00 - 22:00,"APP-패스트썹, APP-홈썹, 주차가능, 배달가능, 아침메뉴, 단체주문, 시그니처랩",35.1729683,129.1315739
대구,부산좌동,부산광역시 해운대구 해운대로 794 엘리움 빌딩 104호,051-731-7717,08:00 - 22:00,"APP-패스트썹, APP-홈썹, 배달가능, 아침메뉴, 단체주문, 시그니처랩",35.1688150,129.1757451
대구,부산해운대비치,부산광역시 해운대구 구남로 42-1,051-731-2234,08:00 - 23:00,"APP-패스트썹, APP-홈썹, 배달가능, 아침메뉴, 단체주문, 시그니처랩",35.1603201,129.1613113
인천,인천가정중앙,인천광역시 서구 가정로 388,032-576-4906,08:00 - 23:00,"APP-패스트썹, APP-홈썹, 배달가능, 아침메뉴, 단체주문, 시그니처랩",37.5194550,126.6733803
인천,인천갈산,"인천시 부평구 주부토로 236 (인천테크노밸리)u1/154,155호",032-209-1883,07:30 - 22:00,"APP-패스트썹, APP-홈썹, 주차가능, 배달가능, 아침메뉴, 단체주문, 그릴드랩",2200,37.5158606
인천,인천검단사거리,인천시 서구 완정로 159,032-567-1995,08:00 - 22:00,"주차가능, 배달가능, 아침메뉴, 단체주문, 그릴드랩",37.6015355,126.6584027
인천,인천검단신도시,인천 서구 이음5로 36 더원타워,032-563-3842,08:00 - 23:00,"APP-패스트썹, APP-홈썹, 배달가능, 아침메뉴, 단체주문, 시그니처랩",37.5938820,126.7118897
인천,인천계산역,인천광역시 계양구 경명대로 1055,032-547-5550,08:00 - 22:00,"APP-패스트썹, APP-홈썹, 배달가능, 아침메뉴, 단체주문, 시그니처랩",37.5437622,126.7242851
인천,인천계양구청,인천광역시 계양구 계산새로 85,032-551-0886,08:00 - 22:00,"APP-패스트썹, APP-홈썹, 주차가능, 아침메뉴, 단체주문, 시그니처랩",37.5382200,126.7375642
인천,인천구월동로데오,인천광역시 남동구 예술로 140번길 33  화성빌딩 102호,032-432-7999,08:00 - 22:00,"APP-패스트썹, APP-홈썹, 배달가능, 아침메뉴, 단체주문, 시그니처랩",37.4466525,126.7026345
인천,인천길병원,인천광역시 남동구 구월남로 153,070-8888-3277,08:00 - 23:00,"APP-패스트썹, APP-홈썹, 주차가능, 배달가능, 아침메뉴, 단체주문, 시그니처랩",37.4533442,126.7065869
인천,인천논현,인천광역시 남동구 청능대로 583 중앙프라자,070-7677-7001,08:00 - 22:00,"APP-패스트썹, APP-홈썹, 주차가능, 배달가능, 아침메뉴, 단체주문, 시그니처랩",37.4013820,126.7239435
인천,인천동암,인천광역시 부평구 열우물로 45,032-421-6690,09:00 - 22:00,"APP-패스트썹, APP-홈썹, 배달가능, 아침메뉴, 단체주문, 시그니처랩",37.4721115,126.7004358
인천,인천모래내시장역,인천광역시 남동구 호구포로 818 퍼스트하임프라자 1층,032-466-5882,08:00 - 22:00,"APP-패스트썹, APP-홈썹, 주차가능, 배달가능, 아침메뉴, 단체주문, 시그니처랩",37.4553712,126.7196910
인천,인천부평시장역,인천 부평구 부흥로 264 동아웰빙타운,032-522-6789,08:00 - 22:00,"APP-패스트썹, APP-홈썹, 주차가능, 배달가능, 아침메뉴, 단체주문, 시그니처랩",37.4983356,126.7211007
인천,인천부평중앙,인천광역시 부평구 부평문화로 63,032-521-6789,08:00 - 22:00,"APP-패스트썹, APP-홈썹, 아침메뉴, 단체주문, 시그니처랩",37.4941406,126.7232257
인천,인천산곡역,인천시 부평구 길주로 364번길 9,032-361-7848,08:00 - 22:00,"아침메뉴, 단체주문, 시그니처랩",37.5080267,126.7025566
인천,인천삼산,인천광역시 부평구 체육관로 24,032-507-7883,07:30 - 22:00,"APP-패스트썹, APP-홈썹, 주차가능, 배달가능, 아침메뉴, 단체주문, 시그니처랩",37.5083367,126.7342964
인천,인천서구청,인천광역시 서구 탁옥로 50 A동 1층,032-565-2481,08:00 - 22:00,"APP-패스트썹, APP-홈썹, 주차가능, 배달가능, 아침메뉴, 단체주문, 시그니처랩",37.5437351,126.6750379
인천,인천서창,인천시 남동구 서창남로41,032-471-6699,09:00 - 22:00,"APP-패스트썹, APP-홈썹, 주차가능, 배달가능, 아침메뉴, 단체주문, 시그니처랩",37.4231945,126.7503634
인천,인천성모병원,인천광역시 부평구 동수로 49 1층,032-224-4935,08:00 - 21:00,"APP-패스트썹, APP-홈썹, 주차가능, 배달가능, 아침메뉴, 단체주문, 시그니처랩",37.4853946,126.7240402
인천,인천송도,인천광역시 연수구 신송로 122,032-831-2530,08:00 - 22:00,"APP-패스트썹, APP-홈썹, 주차가능, 배달가능, 아침메뉴, 단체주문, 그릴드랩",37.3958290,126.6524290
인천,인천송도센트럴파크,인천광역시 연수구 센트럴로 194 더샵센트럴파크2 A동 108호,032-834-3227,08:00 - 22:00,"APP-패스트썹, APP-홈썹, 주차가능, 배달가능, 아침메뉴, 단체주문, 시그니처랩",37.3951272,126.6404080
인천,인천송도지웰푸르지오시티,인천 연수구 하모니로 144,032-831-7900,08:00 - 22:00,"APP-패스트썹, APP-홈썹, 배달가능, 아침메뉴, 단체주문, 시그니처랩",37.3843528,126.6432799
인천,인천송도트리플스트리트,인천 연수구 송도과학로16번길 33-3 송도 트리플스트리트,032-310-9545,10:00 - 22:00,"APP-패스트썹, APP-홈썹, 주차가능, 배달가능, 아침메뉴, 단체주문, 시그니처랩",37.3797884,126.6609571
인천,인천신포,인천 중구 우현로35번길 26,032-772-1788,08:00 - 22:30,"APP-패스트썹, APP-홈썹, 배달가능, 아침메뉴, 단체주문, 시그니처랩",37.4710668,126.6250354
인천,인천연수,인천광역시 연수구 먼우금로 194 메카오피스텔,032-815-7707,08:00 - 22:00,"APP-패스트썹, APP-홈썹, 주차가능, 배달가능, 아침메뉴, 단체주문, 시그니처랩",37.4143480,126.6770179
인천,인천완정역,인천광역시 서구 서곶로 837,032-564-0837,08:00 - 22:00,"주차가능, 아침메뉴, 단체주문, 시그니처랩",37.5920754,126.6729890
인천,인천운서메가스타,인천광역시 중구 신도시남로142번길 6,032-746-4538,08:00 - 22:00,"APP-패스트썹, APP-홈썹, 주차가능, 배달가능, 아침메뉴, 단체주문, 시그니처랩",37.4935101,126.4917303
인천,인천인하대,인천광역시 미추홀구 인하로 100,070-8835-3277,09:00 - 21:00,"주차가능, 아침메뉴, 단체주문, 시그니처랩",37.4507292,126.6538126
인천,인천작전,인천광역시 계양구 계양대로 38 1층 102호 103호,070-8824-5882,08:00 - 22:00,"APP-패스트썹, APP-홈썹, 주차가능, 배달가능, 아침메뉴, 단체주문, 그릴드랩",37.5272257,126.7227725
인천,인천주안역,인천광역시 미추홀구 주안로 89,032-876-4909,08:00 - 23:00,"APP-패스트썹, APP-홈썹, 주차가능, 배달가능, 아침메뉴, 단체주문, 시그니처랩",37.4643783,126.6793266
인천,인천청라,인천광역시 서구 청라라임로 65 라임타워,032-561-3380,08:00 - 22:00,"APP-패스트썹, APP-홈썹, 주차가능, 배달가능, 아침메뉴, 단체주문",37.5334604,126.6529516
광주,경기광주경안,경기도 광주시 중앙로 83 1F,031-797-7242,08:00 - 23:00,"APP-패스트썹, APP-홈썹, 배달가능, 아침메뉴, 단체주문, 시그니처랩",37.4072593,127.2595813
광주,경기광주태전,"경기 광주시 벼루개로 36 서원프라자3 #107,108",031-767-9437,08:00 - 23:00,"APP-패스트썹, APP-홈썹, 배달가능, 아침메뉴, 단체주문, 시그니처랩",2300,37.3825073
광주,광주금호,광주광역시 서구 금화로 58 1층,062-681-1121,08:00 - 22:00,"APP-패스트썹, APP-홈썹, 배달가능, 아침메뉴, 단체주문, 시그니처랩",35.1317525,126.8549482
광주,광주봉선,광주광역시 남구 봉선로 176,062-673-0007,08:00 - 22:00,"APP-패스트썹, APP-홈썹, 주차가능, 배달가능, 아침메뉴, 단체주문, 시그니처랩",35.1228092,126.9143064
광주,광주상무,광주광역시 서구 치평로 86,062-446-1131,08:00 - 22:00,"APP-패스트썹, APP-홈썹, 주차가능, 배달가능, 아침메뉴, 단체주문, 시그니처랩",35.1549171,126.8477852
광주,광주선운,광주광역시 광산구 어등대로 418,062-943-1116,08:00 - 22:00,"APP-패스트썹, APP-홈썹, 주차가능, 배달가능, 아침메뉴, 단체주문, 시그니처랩",35.1487208,126.7691765
광주,광주수완,광주광역시 광산구 장신로 133 1층,062-419-1131,08:00 - 23:00,"APP-패스트썹, APP-홈썹, 주차가능, 배달가능, 아침메뉴, 단체주문, 시그니처랩",35.1910291,126.8247851
광주,광주신용,광주 북구 첨단연신로 91번길 10,062-575-0614,08:00 - 22:00,"APP-패스트썹, APP-홈썹, 주차가능, 배달가능, 아침메뉴, 단체주문, 시그니처랩",35.2065450,126.8632654
광주,광주신창,광주광역시 광산구 신창로 121 1층,062-953-1131,08:00 - 22:00,"APP-패스트썹, APP-홈썹, 주차가능, 배달가능, 아침메뉴, 단체주문, 시그니처랩",35.1961878,126.8380654
광주,광주오치,광주광역시 북구 설죽로 334,062-464-8848,08:00 - 22:00,"APP-패스트썹, APP-홈썹, 주차가능, 배달가능, 아침메뉴, 시그니처랩",35.1892785,126.8993799
광주,광주운암,광주광역시 북구 북문대로117,062-462-1125,08:00 - 22:00,"APP-패스트썹, APP-홈썹, 주차가능, 배달가능, 아침메뉴, 단체주문, 시그니처랩",35.1796744,126.8745427
광주,광주유스퀘어,광주광역시 서구 무진대로 904,062-361-1121,08:00 - 23:00,"주차가능, 배달가능, 아침메뉴, 단체주문, 시그니처랩",35.1606026,126.8798482
광주,광주일곡,광주광역시 북구 설죽로 518-4,062-575-6002,08:00 - 22:00,"APP-패스트썹, APP-홈썹, 주차가능, 배달가능, 아침메뉴, 단체주문, 시그니처랩",35.2049400,126.8986785
광주,광주전남대후문,광주광역시 북구 우치로 124 1층,062-452-1121,08:00 - 23:00,"APP-패스트썹, APP-홈썹, 주차가능, 배달가능, 아침메뉴, 단체주문, 시그니처랩",35.1784323,126.9123292
광주,광주주월,광주광역시 남구 서문대로 749,062-456-1181,08:00 - 22:00,"APP-패스트썹, APP-홈썹, 배달가능, 아침메뉴, 단체주문, 시그니처랩",35.1263172,126.8974609
광주,광주첨단,광주광역시 광산구 첨단중앙로 110 1층,062-413-1121,08:00 - 23:00,"APP-패스트썹, APP-홈썹, 주차가능, 배달가능, 아침메뉴, 단체주문, 시그니처랩",35.2151693,126.8431917
광주,광주충장로,광주광역시 동구 중앙로 160번길 31-18,062-236-1121,08:00 - 23:00,"APP-패스트썹, APP-홈썹, 배달가능, 아침메뉴, 단체주문, 시그니처랩",35.1469195,126.9168380
광주,광주하남,광주광역시 광산구 무진대로279,062-446-0072,08:00 - 22:00,"APP-패스트썹, APP-홈썹, 주차가능, 배달가능, 아침메뉴, 단체주문, 시그니처랩",35.1618871,126.8108868
대전,대전가오,대전광역시 동구 동구청로 95,042-272-9085,08:00 - 22:00,"APP-패스트썹, APP-홈썹, 주차가능, 배달가능, 아침메뉴, 단체주문, 시그니처랩",36.3064929,127.4567130
대전,대전건양대병원,"대전광역시 서구 관저동로 170 1층, 108~109호",042-545-5451,08:00 - 23:00,"주차가능, 배달가능, 아침메뉴, 단체주문, 시그니처랩",2300,36.3073063
대전,대전관저,대전광역시 서구 관저로 142,042-543-0303,08:00 - 23:00,"APP-패스트썹, APP-홈썹, 주차가능, 배달가능, 아침메뉴, 단체주문, 시그니처랩",36.2985711,127.3379338
대전,대전관평,대전광역시 유성구 관들1길 49,042-935-5600,07:30 - 22:30,"APP-패스트썹, APP-홈썹, 배달가능, 아침메뉴, 단체주문, 시그니처랩",36.4256292,127.3893597
대전,대전궁동,대전광역시 유성구 궁동로18번길 10,042-822-5154,08:00 - 23:00,"APP-패스트썹, APP-홈썹, 배달가능, 아침메뉴, 단체주문, 시그니처랩",36.3626794,127.3479124
대전,대전노은점,대전광역시 유성구 노은로 150,042-822-4042,08:00 - 23:00,"APP-패스트썹, APP-홈썹, 주차가능, 배달가능, 아침메뉴, 단체주문, 시그니처랩",36.3729285,127.3184213
대전,대전도마,대전 서구 도산로 51,042-524-4312,08:00 - 23:00,"APP-패스트썹, APP-홈썹, 배달가능, 아침메뉴, 단체주문, 시그니처랩",36.3134096,127.3795337
대전,대전둔산,대전광역시 서구 둔산로 18,042-488-5200,07:30 - 22:30,"APP-패스트썹, APP-홈썹, 배달가능, 아침메뉴, 단체주문, 시그니처랩",36.3518864,127.3757149
대전,대전목원대,대전광역시 서구 도안북로 93번길 31,042-825-4080,08:00 - 23:00,"APP-패스트썹, APP-홈썹, 주차가능, 배달가능, 아침메뉴, 단체주문, 시그니처랩",36.3315115,127.3386142
대전,대전반석,대전광역시 유성구 북유성대로 303 101~102호/104호,042-825-0605,08:00 - 23:00,"APP-패스트썹, APP-홈썹, 주차가능, 배달가능, 아침메뉴, 단체주문, 그릴드랩",36.3916607,127.3142363
대전,대전복합터미널,대전광역시 동구 동서대로 1695번길 16,042-622-6660,08:00 - 23:00,"APP-패스트썹, APP-홈썹, 배달가능, 아침메뉴, 단체주문, 시그니처랩",36.3503981,127.4378107
대전,대전송촌,대전광역시 대덕구 계족산로81번길 70,042-623-6800,08:00 - 23:00,"APP-패스트썹, APP-홈썹, 배달가능, 아침메뉴, 단체주문, 시그니처랩",36.3658259,127.4384332
대전,대전시청,대전광역시 서구 둔산로 123번길 21 1층,042-489-1117,08:00 - 23:00,"APP-패스트썹, APP-홈썹, 주차가능, 배달가능, 아침메뉴, 단체주문",36.3522510,127.3872557
대전,대전오류,대전광역시 중구 계백로 1715 102호,042-528-4312,08:00 - 23:00,"APP-패스트썹, APP-홈썹, 주차가능, 배달가능, 아침메뉴, 단체주문, 시그니처랩",36.3220788,127.4098387
대전,대전용문,대전광역시 서구 계룡로 626,042-525-2991,08:00 - 23:00,"APP-패스트썹, APP-홈썹, 배달가능, 아침메뉴, 단체주문, 시그니처랩",36.3393263,127.3916600
대전,대전우송대,대전광역시 동구 동대전로 168 1층,042-622-5979,08:00 - 23:00,"APP-패스트썹, APP-홈썹, 배달가능, 아침메뉴, 단체주문, 시그니처랩",36.3366493,127.4477042
대전,대전월평선사,대전광역시 서구 월평북로 95,042-486-1363,08:00 - 23:00,"APP-패스트썹, APP-홈썹, 주차가능, 배달가능, 아침메뉴, 단체주문, 시그니처랩",36.3624639,127.3789909
대전,대전유성터미널,대전광역시 유성구 계룡로 42-1,010-4979-3953,08:00 - 22:00,"APP-패스트썹, APP-홈썹, 배달가능, 아침메뉴, 단체주문, 시그니처랩",36.3551989,127.3356437
대전,대전은행,대전광역시 중구 대종로 488번길 25,042-221-7050,08:00 - 23:00,"APP-패스트썹, APP-홈썹, 배달가능, 아침메뉴, 단체주문, 시그니처랩",36.3286473,127.4275166
대전,대전자운대,대전광역시 유성구 신봉동 5-2,042-863-9091,06:00 - 21:00,"APP-패스트썹, APP-홈썹, 배달가능, 아침메뉴, 단체주문, 시그니처랩",36.4132744,127.3408823
대전,대전전민,대전광역시 유성구 유성대로 1732,042-867-6841,08:00 - 22:00,"APP-패스트썹, APP-홈썹, 배달가능, 아침메뉴, 단체주문, 시그니처랩",36.3993720,127.4016793
대전,대전충남대정문,대전광역시 유성구 한밭대로 414,042-824-1003,08:00 - 23:00,"APP-패스트썹, APP-홈썹, 주차가능, 배달가능, 아침메뉴, 단체주문, 시그니처랩",36.3614589,127.3450881
대전,대전카이스트,대전광역시 유성구 대학로 291 정문술빌딩 1층,042-863-7001,08:00 - 23:00,"APP-패스트썹, 주차가능, 아침메뉴, 단체주문, 시그니처랩",36.3717787,127.3608437
대전,대전탄방점,대전광역시 서구 문정로 88,042-482-9857,08:00 - 23:00,"APP-패스트썹, APP-홈썹, 배달가능, 아침메뉴, 단체주문, 시그니처랩",36.3464524,127.3889673
대전,대전태평,대전광역시 중구 태평로 71,042-300-7707,08:00 - 23:00,"APP-패스트썹, APP-홈썹, 주차가능, 배달가능, 아침메뉴, 단체주문, 시그니처랩",36.3234125,127.3935356
대전,대전한남대,대전광역시 대덕구 한남로 25번길 5,042-621-6213,08:00 - 23:00,"APP-패스트썹, APP-홈썹, 배달가능, 아침메뉴, 단체주문, 시그니처랩",36.3508485,127.4252309
울산,울산구영,울산광역시 울주군 범서읍 구영로 108,052-248-8236,08:00 - 22:00,"APP-패스트썹, APP-홈썹, 배달가능, 아침메뉴, 단체주문, 시그니처랩",35.5728071,129.2419005
울산,울산달동,울산 남구 삼산로 74,052-266-5007,10:00 - 21:30,"APP-패스트썹, APP-홈썹, 주차가능, 배달가능, 아침메뉴, 단체주문, 시그니처랩",35.5339781,129.3159084
울산,울산덕신,울산광역시 울주군 온산읍 덕신로 261,052-239-0093,07:00 - 21:30,"APP-패스트썹, APP-홈썹, 주차가능, 배달가능, 아침메뉴, 단체주문, 그릴드랩",35.4338680,129.3100780
울산,울산무거,울산광역시 남구 대학로 108,052-249-5008,08:00 - 22:00,"APP-패스트썹, APP-홈썹, 주차가능, 아침메뉴, 단체주문, 시그니처랩",35.5443934,129.2606924
울산,울산병영,울산광역시 중구 번영로 567 1층,052-271-9988,08:00 - 22:00,"APP-패스트썹, APP-홈썹, 배달가능, 아침메뉴, 단체주문, 시그니처랩",35.5691237,129.3438926
울산,울산삼산,울산광역시 남구 삼산로 267번길 6-15,052-227-7700,08:00 - 22:00,"APP-패스트썹, APP-홈썹, 배달가능, 아침메뉴, 단체주문, 시그니처랩",35.5400863,129.3370222
울산,울산성남,울산광역시 중구 시계탑거리 17,052-246-5078,08:00 - 22:00,"APP-패스트썹, APP-홈썹, 배달가능, 아침메뉴, 단체주문, 시그니처랩",35.5545153,129.3218835
울산,울산송정,"울산광역시 북구 화산로 115 106,107호",052-286-9988,08:00 - 22:00,"APP-패스트썹, APP-홈썹, 주차가능, 배달가능, 아침메뉴, 단체주문, 그릴드랩",2200,35.6023529
울산,울산야음,울산 남구 수암로 138,052-700-8565,08:00 - 22:00,"APP-패스트썹, APP-홈썹, 주차가능, 배달가능, 아침메뉴, 단체주문, 시그니처랩",35.5270563,129.3219771
울산,울산언양,울산광역시 울주군 언양읍 읍성로 38 1층,052-264-2082,07:30 - 22:00,"APP-패스트썹, APP-홈썹, 배달가능, 아침메뉴, 단체주문, 그릴드랩",35.5671030,129.1179818
울산,울산옥동,울산광역시 남구 문수로 332,052-271-6600,08:00 - 22:00,"APP-패스트썹, APP-홈썹, 배달가능, 아침메뉴, 단체주문, 시그니처랩",35.5349123,129.2897960
울산,울산유곡,울산광역시 중구 종가3길 23 1층,052-245-9138,08:00 - 22:00,"APP-패스트썹, APP-홈썹, 배달가능, 아침메뉴, 단체주문, 시그니처랩",35.5606458,129.2973028
울산,울산일산,울산광역시 동구 방어진순환도로 662,052-252-8000,08:00 - 22:00,"주차가능, 아침메뉴, 단체주문, 시그니처랩",35.5008967,129.4289838
울산,울산진장,울산광역시 북구 진장17길 10 1층,052-916-0186,10:00 - 22:00,"APP-패스트썹, APP-홈썹, 주차가능, 배달가능, 아침메뉴, 단체주문, 시그니처랩",35.5624072,129.3564495
세종,세종산울,세종특별자치시 산울7로 11 산울마을7단지 세종리첸시아파밀리에H2아파트 상가동 1층,044-868-3797,07:30 - 22:30,"APP-패스트썹, APP-홈썹, 주차가능, 배달가능, 아침메뉴, 단체주문, 시그니처랩",36.5322458,127.2647137
세종,세종새롬,"세종특별자치시 새롬중앙로 62-15 해피라움W 102, 103호",044-998-8888,08:00 - 23:00,"APP-패스트썹, APP-홈썹, 주차가능, 배달가능, 아침메뉴, 단체주문, 시그니처랩",2300,36.4869260
세종,세종시청,세종특별자치시 한누리대로 2144 1F #101~103동,044-868-0245,08:00 - 23:00,"APP-패스트썹, APP-홈썹, 주차가능, 배달가능, 아침메뉴, 단체주문, 시그니처랩",36.4787706,127.2880089
세종,세종아름,세종특별자치시 아름서1길 13-9 111호~112호,044-863-1384,07:30 - 22:30,"APP-패스트썹, APP-홈썹, 주차가능, 배달가능, 아침메뉴, 단체주문, 시그니처랩",36.5116709,127.2426195
세종,세종어진,세종특별자치시 한누리대로 492 101호,044-867-3797,07:30 - 22:30,"컵 보증금, APP-패스트썹, APP-홈썹, 주차가능, 배달가능, 아침메뉴, 단체주문, 시그니처랩",36.5073947,127.2622919
세종,시청,서울특별시 중구 세종대로 68 천일빌딩,02-777-9200,07:30 - 21:30,"APP-패스트썹, 아침메뉴, 단체주문",37.5622675,126.9767006
경기,경기광주경안,경기도 광주시 중앙로 83 1F,031-797-7242,08:00 - 23:00,"APP-패스트썹, APP-홈썹, 배달가능, 아침메뉴, 단체주문, 시그니처랩",37.4072593,127.2595813
경기,경기광주태전,"경기 광주시 벼루개로 36 서원프라자3 #107,108",031-767-9437,08:00 - 23:00,"APP-패스트썹, APP-홈썹, 배달가능, 아침메뉴, 단체주문, 시그니처랩",2300,37.3825073
경기,고양대화역,"경기도 고양시 일산서구 중앙로 1581 105,106호",031-915-1995,08:00 - 23:00,"APP-패스트썹, APP-홈썹, 주차가능, 배달가능, 아침메뉴, 단체주문",2300,37.6761683
경기,고양도래울,"경기도 고양시 덕양구 삼원로 83 원흥동 광양프런티어밸리 6차 108,109호",031-962-2392,08:00 - 23:00,"APP-패스트썹, APP-홈썹, 주차가능, 배달가능, 아침메뉴, 단체주문, 그릴드랩",2300,37.6381784
경기,고양백마학원가,경기도 고양시 일산동구 일산로 233,031-902-5250,08:00 - 22:00,"APP-패스트썹, APP-홈썹, 주차가능, 배달가능, 아침메뉴, 단체주문, 시그니처랩",37.6568380,126.7882628
경기,고양식사,경기도 고양시 일산동구 위시티로 18,031-965-9400,08:00 - 22:00,"APP-패스트썹, APP-홈썹, 주차가능, 배달가능, 아침메뉴, 단체주문, 시그니처랩",37.6745766,126.8075351
경기,고양원당,경기도 고양시 덕양구 호국로 781,031-967-1333,08:00 - 22:00,"APP-패스트썹, APP-홈썹, 주차가능, 배달가능, 아침메뉴, 단체주문, 시그니처랩",37.6562304,126.8354185
경기,고양원흥역,경기도 고양시 덕양구 원흥5로 25,031-965-9965,08:00 - 22:00,"APP-패스트썹, APP-홈썹, 주차가능, 배달가능, 아침메뉴, 단체주문, 시그니처랩",37.6490839,126.8765868
경기,고양탄현,경기 고양시 일산서구 일현로 97-11  상가동 1층(실내) 111호,031-913-7977,07:00 - 23:00,"APP-패스트썹, APP-홈썹, 주차가능, 배달가능, 아침메뉴, 단체주문, 시그니처랩",37.6940172,126.7628568
경기,고양행신,경기도 고양시 덕양구 충장로 11,031-994-8929,08:00 - 22:00,"주차가능, 배달가능, 아침메뉴, 단체주문, 시그니처랩",37.6138236,126.8337151
경기,고양후곡,경기도 고양시 일산서구 일산로 539,050-7143-37738,08:00 - 23:00,"APP-패스트썹, APP-홈썹, 배달가능, 아침메뉴, 단체주문, 시그니처랩",37.6773584,126.7679626
경기,과천중앙,"경기 과천시 별양상가 3로 14 110,111호",02-504-3140,07:30 - 22:30,"APP-패스트썹, APP-홈썹, 주차가능, 배달가능, 아침메뉴, 단체주문, 시그니처랩",2230,37.4257851
경기,광교경기대후문,경기도 수원시 영통구 대학로 34,070-7750-2040,08:00 - 22:00,"APP-패스트썹, APP-홈썹, 주차가능, 배달가능, 아침메뉴, 단체주문, 시그니처랩",37.2992617,127.0436433
경기,광교상현역,경기도 용인시 수지구 광교중앙로 305,031-212-1877,08:00 - 22:00,"APP-패스트썹, APP-홈썹, 주차가능, 배달가능, 아침메뉴, 단체주문, 시그니처랩",37.2973370,127.0687895
경기,광교엘포트,경기도 수원시 영통구 광교중앙로 145,031-217-5570,08:00 - 22:00,"APP-패스트썹, APP-홈썹, 주차가능, 배달가능, 아침메뉴, 단체주문, 시그니처랩",37.2870278,127.0577371
경기,광교중앙,경기도 수원시 영통구 센트럴타운로 107,031-211-8886,08:00 - 22:00,"APP-패스트썹, APP-홈썹, 주차가능, 배달가능, 아침메뉴, 단체주문, 시그니처랩",37.2920270,127.0483378
경기,광명사거리역,경기도 광명시 광명로 892-1,02-2682-2111,08:00 - 22:00,"APP-패스트썹, APP-홈썹, 배달가능, 아침메뉴, 단체주문, 시그니처랩",37.4786223,126.8543192
경기,광명소하,경기도 광명시 금하로 464,02-899-6747,08:00 - 21:30,"APP-패스트썹, APP-홈썹, 주차가능, 배달가능, 아침메뉴, 단체주문, 시그니처랩",37.4484547,126.8840403
경기,광명일직,경기도 광명시 양지로19 어반브릭스B동 1층,02-899-6690,08:00 - 22:00,"APP-패스트썹, APP-홈썹, 주차가능, 배달가능, 아침메뉴, 단체주문, 시그니처랩",37.4190190,126.8826236
경기,광명철산역,경기도 광명시 철산로 15,02-2611-8006,08:00 - 22:00,"APP-패스트썹, APP-홈썹, 주차가능, 배달가능, 아침메뉴, 단체주문, 시그니처랩",37.4764576,126.8677139
경기,구리갈매,경기도 구리시 갈매중앙로 80,031-528-1105,08:00 - 22:30,"APP-패스트썹, APP-홈썹, 주차가능, 배달가능, 아침메뉴, 단체주문, 시그니처랩",37.6314300,127.1177975
경기,구리돌다리,경기도 구리시 경춘로 220,031-516-1133,08:00 - 23:00,"APP-패스트썹, APP-홈썹, 배달가능, 아침메뉴, 단체주문, 시그니처랩",37.6003311,127.1400163
경기,구리인창,경기도 구리시 건원대로 83 현산빌딩 #102,031-555-4324,09:00 - 23:00,"APP-패스트썹, APP-홈썹, 배달가능, 아침메뉴, 단체주문, 시그니처랩",37.6082846,127.1384988
경기,군포AK플라자금정,"경기 군포시 엘에스로 143 233호, 234호",031-427-5476,07:00 - 21:00,"APP-패스트썹, APP-홈썹, 주차가능, 배달가능, 아침메뉴, 단체주문, 그릴드랩",2100,37.3726348
경기,김포구래,경기 김포시 김포한강7로 93,031-8049-6188,08:00 - 23:00,"APP-패스트썹, APP-홈썹, 주차가능, 배달가능, 아침메뉴, 단체주문, 시그니처랩",37.6457072,126.6278048
경기,김포라베니체마치에비뉴,경기 김포시 김포한강2로23번길 72 2층 213호,031-981-0802,10:00 - 21:00,"APP-패스트썹, APP-홈썹, 주차가능, 배달가능, 아침메뉴, 단체주문, 시그니처랩",37.6401864,126.6796095
경기,김포사우,경기도 김포시 돌문로 43,070-4234-3277,08:00 - 22:00,"APP-패스트썹, APP-홈썹, 배달가능, 아침메뉴, 단체주문, 시그니처랩",37.6188812,126.7178130
경기,김포장기동,경기도 김포시 김포한강4로 118,031-987-3824,08:00 - 22:00,"APP-패스트썹, APP-홈썹, 주차가능, 아침메뉴, 단체주문, 시그니처랩",37.6447358,126.6685057
경기,김포풍무역,"경기 김포시 풍무1로 65-1 풍무시티프라자 108, 109호",031-984-0606,08:00 - 22:00,"APP-패스트썹, APP-홈썹, 주차가능, 배달가능, 아침메뉴, 단체주문, 시그니처랩",2200,37.6108755
경기,남양주다산역,경기도 남양주시 다산중앙로 145번길 9,031-566-8842,08:00 - 23:00,"APP-패스트썹, APP-홈썹, 주차가능, 배달가능, 아침메뉴, 단체주문, 시그니처랩",37.6255897,127.1514388
경기,남양주법조타운,"경기 남양주시 다산중앙로82번안길 118 다산메인타워 109, 110, 111호",031-564-3335,08:00 - 23:00,"APP-패스트썹, APP-홈썹, 주차가능, 배달가능, 아침메뉴, 단체주문, 시그니처랩",0800,2300
경기,남양주별내,"경기도 남양주시 별내중앙로 26 103,104호",031-571-1105,08:00 - 23:00,"APP-패스트썹, APP-홈썹, 주차가능, 배달가능, 아침메뉴, 단체주문, 그릴드랩",2300,37.6457059
경기,남양주호평,경기도 남양주시 호평로 48,070-7680-9000,08:00 - 23:59,"APP-패스트썹, APP-홈썹, 주차가능, 배달가능, 아침메뉴, 단체주문, 그릴드랩",37.6557575,127.2452649
경기,동두천,경기도 동두천시 지행로 81,031-863-2270,08:00 - 23:00,"APP-패스트썹, APP-홈썹, 주차가능, 배달가능, 아침메뉴, 단체주문, 시그니처랩",37.8927963,127.0564880
경기,동탄나루,경기도 화성시 동탄솔빛로 48,031-8003-1138,08:00 - 22:00,"APP-패스트썹, APP-홈썹, 주차가능, 배달가능, 아침메뉴, 단체주문, 시그니처랩",37.1931490,127.0733201
경기,동탄목동,"경기 화성시 동탄신리천로 411 117호, 118호",031-374-3222,08:00 - 22:00,"APP-패스트썹, APP-홈썹, 배달가능, 아침메뉴, 단체주문, 시그니처랩",2200,37.1826885
경기,동탄역,경기도 화성시 동탄역로150 롯데캐슬 트리니티 118,031-374-6040,08:00 - 22:00,"아침메뉴, 단체주문, 그릴드랩",37.1992829,127.0973562
경기,동탄하나로클럽,경기도 화성시 동탄순환대로27길 30 1층,031-376-1418,10:00 - 22:00,"APP-패스트썹, APP-홈썹, 주차가능, 배달가능, 아침메뉴, 단체주문, 시그니처랩",37.2080933,127.1044070
경기,동탄하이페리온,경기도 화성시 동탄반석로 156 동탄하이페리온,031-8003-8878,08:00 - 22:00,"APP-패스트썹, 주차가능, 아침메뉴, 단체주문",37.2021827,127.0717040
경기,동탄호수공원,경기도 화성시 동탄대로 181 A동,031-8058-6358,08:00 - 22:00,"APP-패스트썹, APP-홈썹, 주차가능, 배달가능, 아침메뉴, 단체주문, 시그니처랩",37.1713447,127.1048679
경기,부천상동,경기도 부천시 상동로 87 가나베스트타운 103호,032-323-1706,08:00 - 23:00,"APP-패스트썹, APP-홈썹, 주차가능, 배달가능, 아침메뉴, 단체주문, 시그니처랩",37.5052289,126.7524429
경기,부천송내역,경기도 부천시 부일로 203  상동스카이뷰자이,032-323-0265,08:00 - 22:00,"APP-패스트썹, 아침메뉴, 단체주문, 시그니처랩",37.4891220,126.7524355
경기,부천시청,경기도 부천시 석천로169번길 22,032-321-3277,08:00 - 22:00,"APP-패스트썹, APP-홈썹, 배달가능, 아침메뉴, 단체주문, 시그니처랩",37.5029806,126.7616207
경기,부천역,경기도 부천시 부일로 448 프리존빌딩,032-611-1301,08:00 - 22:00,"APP-패스트썹, APP-홈썹, 주차가능, 배달가능, 아침메뉴, 단체주문, 시그니처랩",37.4859817,126.7802076
경기,부천역곡역,경기도 부천시 부일로 725,032-876-4908,08:00 - 22:00,"APP-패스트썹, APP-홈썹, 아침메뉴, 단체주문, 시그니처랩",37.4856623,126.8103460
경기,부천옥길,"경기도 부천시 양지로 205 근생 113,1145호",032-345-4907,07:30 - 21:30,"APP-패스트썹, APP-홈썹, 주차가능, 배달가능, 아침메뉴, 단체주문, 시그니처랩",2130,37.4677985
경기,부천원종,경기도 부천시 소사로 742,070-7762-7770,08:00 - 22:00,"APP-패스트썹, APP-홈썹, 주차가능, 배달가능, 아침메뉴, 단체주문, 그릴드랩",37.5223103,126.8051268
경기,부천위브더스테이트,경기도 부천시 신흥로 170,032-611-0420,08:00 - 23:00,"APP-패스트썹, APP-홈썹, 주차가능, 배달가능, 아침메뉴, 단체주문, 시그니처랩",37.4987712,126.7779250
경기,부천중동,경기도 부천시 길주로 288,032-321-9757,08:00 - 22:00,"APP-패스트썹, APP-홈썹, 주차가능, 배달가능, 아침메뉴, 단체주문, 시그니처랩",37.5027295,126.7742422
경기,분당미금역,경기도 성남시 분당구 돌마로 52,031-717-5695,08:00 - 22:00,"APP-패스트썹, APP-홈썹, 주차가능, 배달가능, 아침메뉴, 단체주문, 시그니처랩",37.3496883,127.1077571
경기,분당서현,경기도 성남시 분당구 서현로 184 엘지분당에클라트,031-709-2220,08:00 - 22:00,"APP-패스트썹, APP-홈썹, 배달가능, 아침메뉴, 단체주문, 시그니처랩",37.3883743,127.1237889
경기,분당수내,경기도 성남시 분당구 백현로101번길 21,031-715-0889,07:00 - 22:30,"APP-패스트썹, APP-홈썹, 주차가능, 아침메뉴, 단체주문, 시그니처랩",37.3777107,127.1128931
경기,분당오리역,경기도 성남시 분당구 성남대로 43번길 10 하나EZ타워,031-711-5352,08:00 - 23:00,"APP-패스트썹, APP-홈썹, 주차가능, 배달가능, 아침메뉴, 단체주문, 시그니처랩",37.3400166,127.1078334
경기,분당정자,경기도 성남시 분당구 성남대로 331번길 13,070-8882-8212,08:00 - 22:00,"APP-패스트썹, APP-홈썹, 배달가능, 아침메뉴, 단체주문, 시그니처랩",37.3653029,127.1063141
경기,산본로데오,경기도 군포시 광정로 60,031-391-0776,08:00 - 22:00,"아침메뉴, 단체주문, 시그니처랩",37.3587197,126.9308247
경기,산본사거리,경기도 군포시 고산로 694,031-392-3327,08:00 - 22:00,"아침메뉴, 단체주문, 시그니처랩",37.3715681,126.9355539
경기,서판교점,경기도 성남시 분당구 운중로 142 판교메디컬타워 1층,031-707-7911,08:00 - 22:00,"APP-패스트썹, APP-홈썹, 배달가능, 아침메뉴, 단체주문, 시그니처랩",37.3912370,127.0788318
경기,성남남위례역,"경기도 성남시 위례광장로 21-13  120, 121, 122호",031-751-5582,08:00 - 22:00,"APP-패스트썹, APP-홈썹, 배달가능, 아침메뉴, 단체주문, 시그니처랩",0800,2200
경기,성남단대오거리역,경기도 성남시 중원구 산성대로372번길 10,031-732-1137,07:00 - 22:00,"APP-패스트썹, APP-홈썹, 배달가능, 아침메뉴, 시그니처랩",37.4448138,127.1580158
경기,성남모란역,경기 성남시 중원구 성남대로 1156,031-758-2225,08:00 - 22:00,"APP-패스트썹, APP-홈썹, 배달가능, 아침메뉴, 단체주문, 시그니처랩",37.4330993,127.1293635
경기,성남시청,경기도 성남시 중원구 성남대로997번길 51-20,031-745-3030,08:00 - 23:00,"APP-패스트썹, APP-홈썹, 배달가능, 아침메뉴, 단체주문, 시그니처랩",37.4170687,127.1264383
경기,성남위례,경기도 성남시 수정구 위례광장로 104,031-602-6126,08:00 - 21:30,"APP-패스트썹, APP-홈썹, 주차가능, 배달가능, 아침메뉴, 단체주문, 시그니처랩",37.4730526,127.1412642
경기,성남태평,경기도 성남시 수정구 수정로 179,031-755-6785,08:00 - 22:00,"APP-패스트썹, APP-홈썹, 배달가능, 아침메뉴, 단체주문, 시그니처랩",37.4435263,127.1396545
경기,성남터미널,경기도 성남시 분당구 성남대로925번길 16,031-705-7022,07:00 - 22:00,"APP-패스트썹, APP-홈썹, 주차가능, 배달가능, 아침메뉴, 단체주문, 시그니처랩",37.4131252,127.1272613
경기,수원경희대,경기도 수원시 영통구 덕영대로 1707,031-204-3434,08:00 - 22:00,"APP-패스트썹, APP-홈썹, 주차가능, 배달가능, 아침메뉴, 단체주문, 시그니처랩",37.2479807,127.0781928
경기,수원능실,경기 수원시 권선구 호매실로104번길 24-43,031-292-8624,08:00 - 23:00,"아침메뉴, 단체주문, 시그니처랩",37.2579757,126.9625695
경기,수원로데오,경기 수원시 팔달구 매산로 7,031-244-0889,07:00 - 22:00,"APP-패스트썹, APP-홈썹, 배달가능, 아침메뉴, 단체주문, 시그니처랩",37.2672265,127.0022637
경기,수원망포역,경기도 수원시 영통구 영통로 195,031-203-0703,08:00 - 23:00,"APP-패스트썹, APP-홈썹, 배달가능, 아침메뉴, 단체주문, 그릴드랩",37.2452099,127.0558468
경기,수원성균관대,경기도 수원시 장안구 서부로 2066 성균관대학교 학생회관 2층,031-290-5448,08:30 - 19:00,"APP-패스트썹, APP-홈썹, 배달가능, 아침메뉴, 단체주문, 시그니처랩",37.2933638,126.9746545
경기,수원아주대,경기도 수원시 팔달구 아주로 49-1,031-211-0369,08:00 - 22:00,"APP-패스트썹, APP-홈썹, 배달가능, 아침메뉴, 단체주문, 시그니처랩",37.2793905,127.0434822
경기,수원역사,경기도 수원시 팔달구 덕영대로924,031-240-0889,07:00 - 22:00,"APP-패스트썹, APP-홈썹, 배달가능, 아침메뉴, 단체주문, 시그니처랩",37.2656769,127.0000960
경기,수원영통,경기 수원시 영통구 봉영로 1617  훼미리타워 1층,031-204-2224,08:00 - 22:00,"APP-패스트썹, APP-홈썹, 주차가능, 배달가능, 아침메뉴, 단체주문",37.2555521,127.0743041
경기,수원영통구청,경기도 수원시 영통구 효원로 383,031-217-7772,08:00 - 22:00,"APP-패스트썹, APP-홈썹, 배달가능, 아침메뉴, 단체주문, 시그니처랩",37.2592717,127.0436222
경기,수원인계,경기도 수원시 팔달구 권광로 204,031-267-0533,08:00 - 22:00,"APP-패스트썹, APP-홈썹, 주차가능, 배달가능, 아침메뉴, 단체주문",37.2656406,127.0338199
경기,수원장안구청,경기도 수원시 장안구 경수대로 927,031-244-8490,08:00 - 22:30,"APP-패스트썹, APP-홈썹, 주차가능, 배달가능, 아침메뉴, 단체주문, 시그니처랩",37.3017445,127.0084554
경기,수원정자,"경기 수원시 장안구 정자천로 173번길 11-7 101호 일부, 102호(정자동)",031-271-3161,08:00 - 02:00,"APP-패스트썹, APP-홈썹, 배달가능, 아침메뉴, 단체주문, 시그니처랩",0200,37.2955096
경기,수원천천,경기도 수원시 장안구 만석로19번길 11-2,031-271-0703,08:00 - 23:00,"APP-패스트썹, APP-홈썹, 배달가능, 아침메뉴, 단체주문, 시그니처랩",37.2960666,126.9834303
경기,수원호매실,경기도 수원시 권선구 금곡로 204,031-292-4862,08:00 - 22:00,"APP-패스트썹, APP-홈썹, 주차가능, 배달가능, 아침메뉴, 단체주문, 시그니처랩",37.2737062,126.9533424
경기,수지롯데몰,경기 용인시 수지구 성복2로 38,031-5174-2654,10:30 - 21:00,"APP-패스트썹, APP-홈썹, 주차가능, 배달가능, 아침메뉴, 단체주문, 시그니처랩",37.3128099,127.0816130
경기,시흥능곡역,"경기 시흥시 능곡번영길 26 에스피타워/101, 102호",031-311-6194,07:00 - 22:00,"APP-패스트썹, APP-홈썹, 주차가능, 배달가능, 아침메뉴, 단체주문, 그릴드랩",2200,37.3701349
경기,시흥대야,경기도 시흥시 비둘기공원로 21  대야하이빌,031-317-4901,08:00 - 22:00,"APP-패스트썹, APP-홈썹, 배달가능, 아침메뉴, 단체주문, 시그니처랩",37.4439749,126.7921751
경기,시흥배곧신도시,"경기도 시흥시 배곧3로 96 정왕동 2514-1, 111호",031-433-1301,08:00 - 22:00,"APP-패스트썹, APP-홈썹, 주차가능, 배달가능, 아침메뉴, 단체주문, 시그니처랩",2200,37.3698189
경기,시흥은계,경기도 시흥시 은계번영길 21,031-312-1587,08:00 - 22:00,"APP-패스트썹, APP-홈썹, 주차가능, 배달가능, 아침메뉴, 단체주문, 시그니처랩",37.4371981,126.8033939
경기,시흥정왕,경기도 시흥시 중심상가로 195,031-433-0036,08:00 - 22:00,"APP-패스트썹, APP-홈썹, 주차가능, 아침메뉴, 단체주문, 시그니처랩",37.3442956,126.7368384
경기,안산고잔,경기도 안산시 단원구 광덕대로 151,031-414-4200,09:00 - 23:00,"주차가능, 아침메뉴, 단체주문, 시그니처랩",37.3101151,126.8290300
경기,안산중앙,경기도 안산시 단원구 예술대학로 17,031-414-4210,09:00 - 23:00,"주차가능, 아침메뉴, 단체주문, 시그니처랩",37.3187059,126.8365081
경기,안산한대역,경기도 안산시 상록구 광덕1로 385,031-418-1900,08:00 - 22:00,"주차가능, 아침메뉴, 단체주문, 시그니처랩",37.3090524,126.8518388
경기,안산한양대,경기도 안산시 상록구 한양대학로 60,031-409-9007,08:00 - 22:00,"주차가능, 아침메뉴, 단체주문, 시그니처랩",37.3008578,126.8376410
경기,안성공도,경기도 안성시 공도읍 공도로 93,031-657-2716,08:00 - 23:00,"APP-패스트썹, APP-홈썹, 배달가능, 아침메뉴, 단체주문, 시그니처랩",37.0001832,127.1714370
경기,안성중앙,경기도 안성시 중앙로 401,031-675-2716,08:00 - 22:00,"APP-패스트썹, APP-홈썹, 배달가능, 아침메뉴, 단체주문",37.0072819,127.2714578
경기,안양1번가,경기도 안양시 만안구 만안로223번길 7,031-464-5210,08:30 - 22:30,"APP-패스트썹, APP-홈썹, 배달가능, 아침메뉴, 단체주문, 시그니처랩",37.4004012,126.9223877
경기,안양범계,경기도 안양시 동안구 시민대로 167 안양벤처텔,031-440-8490,08:00 - 22:00,"APP-패스트썹, APP-홈썹, 배달가능, 아침메뉴, 단체주문, 시그니처랩",37.3908028,126.9496314
경기,안양인덕원역,경기도 안양시 동안구 관악대로 486,031-423-1230,08:00 - 22:00,"APP-패스트썹, APP-홈썹, 배달가능, 아침메뉴, 단체주문, 시그니처랩",37.4022888,126.9758009
경기,안양평촌스마트스퀘어,경기도 안양시 동안구 시민대로327번길 6 112호,031-425-8511,08:00 - 22:00,"APP-패스트썹, APP-홈썹, 주차가능, 배달가능, 아침메뉴, 단체주문, 시그니처랩",37.3966654,126.9670075
경기,안양평촌역,경기 안양시 동안구 관평로170번길 43,031-387-8490,07:30 - 22:30,"APP-패스트썹, APP-홈썹, 배달가능, 아침메뉴, 단체주문, 시그니처랩",37.3933191,126.9631752
경기,안양평촌학원가,경기도 안양시 동안구 평촌대로 119 원평비젼프라자,031-385-5027,08:00 - 22:00,"주차가능, 아침메뉴, 단체주문, 시그니처랩",37.3826391,126.9598651
경기,양주덕계,"경기 양주시 회천중앙로 240 #104,105",031-866-0306,08:00 - 23:00,"APP-패스트썹, APP-홈썹, 주차가능, 배달가능, 아침메뉴, 단체주문, 시그니처랩",2300,37.8191236
경기,양주옥정,"경기도 양주시 옥정로 214 106호,107호",031-858-2270,08:00 - 23:00,"APP-패스트썹, APP-홈썹, 주차가능, 배달가능, 아침메뉴, 단체주문, 시그니처랩",2300,37.8206905
경기,오산대역,경기도 오산시 내삼미로 89,031-378-8004,08:00 - 22:00,"APP-패스트썹, APP-홈썹, 주차가능, 배달가능, 아침메뉴, 단체주문, 시그니처랩",37.1702151,127.0658454
경기,용인기흥구청,경기도 용인시 기흥구 구갈로 71-18 기흥더샵프라임뷰,031-284-3161,08:00 - 22:00,"APP-패스트썹, APP-홈썹, 배달가능, 아침메뉴, 단체주문, 시그니처랩",37.2817419,127.1104341
경기,용인기흥롯데프리미엄아울렛,경기도 용인시 기흥구 신고매로 124,031-803-6336,11:00 - 20:30,"APP-패스트썹, APP-홈썹, 주차가능, 배달가능, 아침메뉴, 단체주문, 시그니처랩",37.2254182,127.1209576
경기,용인동백,"경기도 용인시 기흥구 동백중앙로 283 골드프라자 A동 105호, 106호",031-285-4857,08:00 - 22:00,"APP-패스트썹, APP-홈썹, 주차가능, 배달가능, 아침메뉴, 단체주문, 시그니처랩",2200,37.2780255
경기,용인동천,경기도 용인시 수지구 신수로 767  분당수지유타워 제B동 111호,031-525-3336,08:00 - 22:00,"APP-패스트썹, APP-홈썹, 배달가능, 아침메뉴, 단체주문, 시그니처랩",37.3382513,127.1013616
경기,용인수지,경기도 용인시 수지구 풍덕천로 122 하나로프라자 211호,031-898-0831,08:00 - 22:00,"APP-패스트썹, APP-홈썹, 주차가능, 배달가능, 아침메뉴, 단체주문",37.3225277,127.0955578
경기,용인죽전,경기도 용인시 기흥구 죽전로 20 죽전누리에뜰아파트 상가 B동 121호,031-889-8089,08:00 - 22:30,"APP-패스트썹, APP-홈썹, 주차가능, 배달가능, 아침메뉴, 단체주문, 시그니처랩",37.3199559,127.1107808
경기,용인처인,경기도 용인시 처인구 명지로 17,031-332-3070,08:00 - 23:00,"APP-패스트썹, APP-홈썹, 주차가능, 배달가능, 아침메뉴, 단체주문, 시그니처랩",37.2344611,127.1891191
경기,용인흥덕,경기 용인시 기흥구 흥덕2로87번길 18,031-215-3235,08:00 - 23:00,"APP-패스트썹, APP-홈썹, 배달가능, 아침메뉴, 단체주문, 그릴드랩",37.2758482,127.0718775
경기,의왕포일,경기도 의왕시 안양판교로 101 1층,031-422-7175,08:00 - 22:00,"APP-패스트썹, APP-홈썹, 배달가능, 아침메뉴, 단체주문, 그릴드랩",37.3954512,126.9853111
경기,의정부금오,경기도 의정부시 청사로 41 #106,031-853-6395,08:00 - 23:00,"APP-패스트썹, APP-홈썹, 주차가능, 배달가능, 아침메뉴, 단체주문, 시그니처랩",37.7519512,127.0697270
경기,의정부민락,"경기도 의정부시 오목로 225번길 162 #103, 104",031-853-6054,08:00 - 23:00,"APP-패스트썹, APP-홈썹, 주차가능, 배달가능, 아침메뉴, 단체주문, 시그니처랩",2300,37.7445927
경기,의정부역,경기도 의정부시 신흥로 257번길 6,031-878-7811,00:00 - 24:00,"24시간, APP-패스트썹, APP-홈썹, 주차가능, 배달가능, 아침메뉴, 시그니처랩",37.7391961,127.0428361
경기,의정부용현,경기도 의정부시 충의로 83,031-853-8244,08:00 - 23:00,"APP-패스트썹, APP-홈썹, 주차가능, 배달가능, 아침메뉴, 단체주문, 시그니처랩",37.7389532,127.0861280
경기,이천창전,경기도 이천시 영창로 215,031-634-7599,08:00 - 23:00,"APP-패스트썹, APP-홈썹, 배달가능, 아침메뉴, 단체주문, 시그니처랩",37.2811171,127.4465547
경기,이천하이닉스,경기도 이천시 부발읍 경충대로 2096-4 #105,031-634-7588,08:00 - 23:00,"APP-패스트썹, APP-홈썹, 주차가능, 배달가능, 아침메뉴, 단체주문, 시그니처랩",37.2520989,127.4903126
경기,일산고양삼송,경기도 고양시 덕양구 권율대로 901,02-381-9257,08:00 - 22:00,"APP-패스트썹, APP-홈썹, 배달가능, 아침메뉴, 단체주문, 시그니처랩",37.6640925,126.8905768
경기,일산고양터미널,경기도 고양시 일산동구 중앙로 1036 1층,031-936-7497,08:00 - 22:00,"APP-패스트썹, APP-홈썹, 주차가능, 배달가능, 아침메뉴, 단체주문, 시그니처랩",37.6431783,126.7896617
경기,일산동구청,경기도 고양시 일산동구 정발산로 38 장항동이스턴시티,031-906-6754,08:00 - 21:00,"APP-패스트썹, 주차가능, 배달가능, 아침메뉴, 단체주문, 시그니처랩",37.6567215,126.7731559
경기,일산레이킨스몰,경기도 고양시 일산서구 호수로 817,031-924-5684,09:00 - 22:00,"APP-패스트썹, APP-홈썹, 주차가능, 배달가능, 아침메뉴, 단체주문, 시그니처랩",37.6682829,126.7511979
경기,일산마두역,경기도 고양시 일산동구 중앙로 1191 굿모닝 법조타운 제 1층 101호,031-906-3226,08:00 - 22:00,"APP-패스트썹, APP-홈썹, 배달가능, 아침메뉴, 단체주문, 시그니처랩",37.6529471,126.7767206
경기,일산주엽역,경기도 고양시 일산서구 중앙로 1415,031-915-7649,08:00 - 22:00,"APP-패스트썹, APP-홈썹, 주차가능, 배달가능, 아침메뉴, 단체주문, 시그니처랩",37.6691851,126.7625387
경기,일산화정,경기도 고양시 덕양구 화정로 69 한화꿈에그린아파트,031-966-9668,08:00 - 22:00,"APP-패스트썹, APP-홈썹, 주차가능, 배달가능, 아침메뉴, 단체주문, 시그니처랩",37.6346718,126.8340310
경기,파주LGD,경기도 파주시 월롱면 엘지로 245,031-933-0659,06:00 - 20:00,"APP-패스트썹, 아침메뉴, 단체주문, 시그니처랩",37.8158920,126.7568090
경기,파주교하,"경기도 파주시 청석로 256 #103,104",031-948-5216,08:00 - 23:00,"APP-패스트썹, APP-홈썹, 주차가능, 배달가능, 아침메뉴, 단체주문, 시그니처랩",2300,37.7246771
경기,파주금촌,경기 파주시 문화로 111 1F,031-944-0011,08:00 - 23:00,"APP-패스트썹, APP-홈썹, 배달가능, 아침메뉴, 단체주문, 시그니처랩",37.7640697,126.7742417
경기,파주야당역,경기도 파주시 경의로 1080 102호,031-949-9312,08:00 - 22:00,"APP-패스트썹, APP-홈썹, 주차가능, 배달가능, 아침메뉴, 단체주문, 시그니처랩",37.7138123,126.7599942
경기,파주운정산내,"경기 파주시 교하로 75 #101,102",031-941-9132,08:00 - 23:00,"APP-패스트썹, APP-홈썹, 주차가능, 배달가능, 아침메뉴, 단체주문, 시그니처랩",2300,37.7286194
경기,파주운정역,"경기도 파주시 경의로 1240번길 30 #109,110",031-942-9831,08:00 - 22:00,"APP-패스트썹, APP-홈썹, 주차가능, 배달가능, 아침메뉴, 단체주문, 시그니처랩",2200,37.7276900
경기,판교브릿지타워,경기도 성남시 분당구 판교로227번길 6,031-608-1409,08:00 - 22:00,"APP-패스트썹, APP-홈썹, 배달가능, 아침메뉴, 단체주문, 시그니처랩",37.4030349,127.0992412
경기,판교역,경기 성남시 분당구 대왕판교로606번길 58,031-604-2580,07:30 - 22:00,"APP-패스트썹, APP-홈썹, 배달가능, 아침메뉴, 단체주문, 그릴드랩",37.3955563,127.1135510
경기,판교테크노밸리,경기도 성남시 분당구 대왕판교로 670,031-739-8300,08:00 - 21:30,"APP-패스트썹, APP-홈썹, 배달가능, 아침메뉴, 시그니처랩",37.4020288,127.1066516
경기,평택고덕,경기 평택시 고덕면 고덕여염9길 40,031-647-0151,07:00 - 22:00,"APP-패스트썹, APP-홈썹, 주차가능, 배달가능, 아침메뉴, 단체주문, 그릴드랩",37.0405540,127.0515668
경기,평택동삭,경기도 평택시 지제동삭2로 181-40,031-647-9678,08:00 - 23:00,"APP-패스트썹, APP-홈썹, 배달가능, 아침메뉴, 단체주문, 시그니처랩",37.0180374,127.0948383
경기,평택로데오,경기도 평택시 평택로32번길 21,031-655-1386,08:00 - 22:00,"APP-패스트썹, APP-홈썹, 배달가능, 아침메뉴, 단체주문",36.9912767,127.0887825
경기,평택비전,경기도 평택시 비전5로 15,031-652-6777,08:00 - 22:00,"APP-패스트썹, APP-홈썹, 주차가능, 배달가능, 아침메뉴, 단체주문, 시그니처랩",37.0004135,127.1128839
경기,평택송탄출장소,경기도 평택시 관광특구로 41 101호,031-647-0533,07:00 - 22:00,"APP-패스트썹, APP-홈썹, 주차가능, 배달가능, 아침메뉴, 단체주문, 시그니처랩",37.0670089,127.0634225
경기,하남감일,경기도 하남시 감일백제로 181,02-477-8248,08:00 - 22:30,"APP-패스트썹, APP-홈썹, 배달가능, 아침메뉴, 단체주문, 시그니처랩",37.5078239,127.1534027
경기,하남미사역,경기도 하남시 미사강변동로 74,031-792-1146,08:00 - 23:00,"APP-패스트썹, APP-홈썹, 배달가능, 아침메뉴, 단체주문, 시그니처랩",37.5618531,127.1938221
경기,하남시청역,경기도 하남시 신평로 65,031-794-2022,08:00 - 23:00,"APP-패스트썹, APP-홈썹, 배달가능, 아침메뉴, 단체주문, 그릴드랩",37.5395197,127.2054621
경기,화성남양,경기도 화성시 남양읍 시청로 6,031-357-4637,08:00 - 22:00,"APP-패스트썹, APP-홈썹, 주차가능, 배달가능, 아침메뉴, 단체주문, 시그니처랩",37.2084041,126.8185347
경기,화성병점,경기도 화성시 효행로 1063,031-237-8828,08:00 - 22:00,"APP-패스트썹, APP-홈썹, 주차가능, 배달가능, 아침메뉴, 단체주문, 시그니처랩",37.2149864,127.0431434
경기,화성봉담,경기도 화성시 봉담읍 동화길 51,031-5183-3960,08:00 - 22:00,"APP-패스트썹, APP-홈썹, 주차가능, 배달가능, 아침메뉴, 단체주문, 시그니처랩",37.2190315,126.9554909
경기,화성송산그린시티,경기도 화성시 수노을중앙로 130,031-355-9152,08:00 - 22:00,"APP-패스트썹, APP-홈썹, 주차가능, 배달가능, 아침메뉴, 단체주문, 시그니처랩",37.2850356,126.8178047
경기,화성신영통,경기 화성시 영통로 66,031-205-0082,08:00 - 23:00,"APP-패스트썹, APP-홈썹, 주차가능, 배달가능, 아침메뉴, 단체주문, 시그니처랩",37.2361844,127.0617747
경기,화성향남,"경기도 화성시 향남읍 향남로 392 우성메디피아 1층 103호, 104호",031-353-3070,08:00 - 22:00,"APP-패스트썹, APP-홈썹, 주차가능, 배달가능, 아침메뉴, 단체주문, 시그니처랩",2200,37.1300512
충북,제천청전,충북 제천시 의림대로 223,043-646-6466,07:30 - 22:30,"APP-패스트썹, APP-홈썹, 주차가능, 배달가능, 아침메뉴, 단체주문, 시그니처랩",37.1473610,128.2139847
충북,청주분평,충북 청주시 서원구 1순환로 1130-1,043-283-2139,08:00 - 23:00,"APP-패스트썹, APP-홈썹, 주차가능, 배달가능, 아침메뉴, 단체주문, 시그니처랩",36.6058205,127.4922563
충북,청주오송,충북 청주시 흥덕구 오송읍 오송생명로 165,043-232-4582,08:00 - 23:00,"APP-패스트썹, APP-홈썹, 배달가능, 아침메뉴, 단체주문, 시그니처랩",36.6323654,127.3277627
충북,청주대,충청북도 청주시 청원구 대성로 301,043-252-8184,08:00 - 23:00,"APP-패스트썹, APP-홈썹, 주차가능, 배달가능, 아침메뉴, 단체주문, 시그니처랩",36.6514469,127.4895051
충북,청주오창,충청북도 청주시 청원구 오창읍 중심상업로 30 106~107호,043-218-6667,08:00 - 23:00,"APP-패스트썹, APP-홈썹, 주차가능, 배달가능, 아침메뉴, 단체주문, 시그니처랩",36.7133470,127.4301285
충북,청주충북대,충청북도 청주시 서원구 1순환로 676,043-267-7578,08:00 - 23:00,"APP-패스트썹, APP-홈썹, 주차가능, 배달가능, 아침메뉴, 단체주문, 시그니처랩",36.6332671,127.4604550
충북,충북음성혁신도시,충청북도 음성군 맹동면 대하2가길 11 애플스퀘어 107호 108호,043-753-7076,07:30 - 22:30,"APP-패스트썹, APP-홈썹, 주차가능, 배달가능, 아침메뉴, 단체주문, 시그니처랩",36.9079661,127.5427782
충북,충북증평,충청북도 증평군 증평읍 광장로92,043-760-8760,08:00 - 23:00,"APP-패스트썹, APP-홈썹, 배달가능, 아침메뉴, 단체주문, 시그니처랩",36.7851764,127.5822850
충북,충주호암DT,충청북도 충주시 중원대로 3239,043-848-3365,08:00 - 23:00,"APP-패스트썹, APP-홈썹, 주차가능, 배달가능, 아침메뉴, 단체주문, 시그니처랩",36.9587354,127.9230549
충남,계룡엄사,충남 계룡시 엄사면 계룡대로 486,042-840-6660,08:00 - 22:30,"APP-패스트썹, APP-홈썹, 주차가능, 배달가능, 아침메뉴, 단체주문, 시그니처랩",36.2872363,127.2465618
충남,논산,충남 논산시 시민로 267,041-734-9595,08:00 - 23:00,"APP-패스트썹, APP-홈썹, 주차가능, 배달가능, 아침메뉴, 단체주문, 시그니처랩",36.1898496,127.0947322
충남,천안두정,충남 천안시 서북구 두정로 178,041-522-8123,08:00 - 23:00,"APP-패스트썹, APP-홈썹, 배달가능, 아침메뉴, 단체주문, 시그니처랩",36.8335928,127.1366373
충남,천안백석,충남 천안시 서북구 동서대로 47,041-566-4297,08:00 - 23:00,"APP-패스트썹, APP-홈썹, 주차가능, 배달가능, 아침메뉴, 단체주문, 시그니처랩",36.8254791,127.1284620
충남,홍성,충남 홍성군 홍성읍 충서로 1669,041-631-1013,08:00 - 23:00,"APP-패스트썹, APP-홈썹, 주차가능, 배달가능, 아침메뉴, 단체주문, 시그니처랩",36.6031529,126.6770657
충남,공주신관,충청남도 공주시 흑수골길 35,041-881-1124,08:00 - 22:30,"APP-패스트썹, APP-홈썹, 배달가능, 아침메뉴, 단체주문, 시그니처랩",36.4733551,127.1412560
충남,당진읍내,충청남도 당진시 당진중앙2로 127 금화빌딩 1층 101호,041-356-2731,08:00 - 22:00,"APP-패스트썹, APP-홈썹, 배달가능, 아침메뉴, 단체주문, 그릴드랩",36.8947853,126.6314543
충남,보령DT,충청남도 보령시 한내로 62,041-936-1771,08:00 - 23:00,"APP-패스트썹, APP-홈썹, 주차가능, 아침메뉴, Drive Thru, 단체주문, 시그니처랩",36.3446454,126.6092986
충남,서산호수공원,충청남도 서산시 호수공원 12로 26,041-663-7852,08:00 - 23:00,"APP-패스트썹, APP-홈썹, 배달가능, 아침메뉴, 단체주문, 시그니처랩",36.7731826,126.4486044
충남,아산배방,충청남도 아산시 배방읍 모산로 123,041-532-8220,08:00 - 23:00,"APP-패스트썹, APP-홈썹, 주차가능, 배달가능, 아침메뉴, 단체주문, 시그니처랩",36.7747302,127.0561872
충남,아산온양,충청남도 아산시 온궁로 24-2,041-544-2700,08:00 - 22:00,"APP-패스트썹, APP-홈썹, 배달가능, 아침메뉴, 단체주문",36.7820887,127.0031326
충남,아산탕정,충청남도 아산시 탕정면 한들물빛도시로 88 110호/112호,041-545-8246,07:00 - 22:00,"APP-패스트썹, APP-홈썹, 주차가능, 배달가능, 아침메뉴, 단체주문, 시그니처랩",36.7870451,127.0837645
충남,아산터미널,충청남도 아산시 번영로224번길 4,041-548-8484,07:30 - 22:30,"APP-패스트썹, APP-홈썹, 주차가능, 배달가능, 아침메뉴, 단체주문, 시그니처랩",36.7838730,127.0152579
충남,천안성정,충청남도 천안시 서북구 쌍용대로 317,041-587-2345,08:00 - 23:00,"APP-패스트썹, APP-홈썹, 배달가능, 아침메뉴, 단체주문, 시그니처랩",36.8256446,127.1370221
충남,천안신방,충청남도 천안시 동남구 통정5로 63 101호,041-418-3883,08:00 - 23:00,"APP-패스트썹, APP-홈썹, 주차가능, 배달가능, 아침메뉴, 단체주문, 시그니처랩",36.7747967,127.1334522
충남,천안신부,충청남도 천안시 동남구 만남로 13,041-569-0003,08:00 - 23:00,"APP-패스트썹, APP-홈썹, 배달가능, 아침메뉴, 단체주문, 시그니처랩",36.8190726,127.1537197
충남,천안신불당,충청남도 천안시 서북구 불당21로 65,041-558-0017,08:00 - 23:00,"APP-패스트썹, APP-홈썹, 주차가능, 배달가능, 아침메뉴, 단체주문, 시그니처랩",36.8130782,127.1073927
충남,천안쌍용,충청남도 천안시 서북구 월봉로 79,041-572-4466,08:00 - 23:00,"APP-패스트썹, APP-홈썹, 주차가능, 배달가능, 아침메뉴, 단체주문, 시그니처랩",36.7978167,127.1175633
충남,천안청수,충청남도 천안시 동남구 청수11로 16,041-414-1421,08:00 - 23:00,"APP-패스트썹, APP-홈썹, 주차가능, 아침메뉴, 단체주문, 시그니처랩",36.7826401,127.1541385
충남,천안충무로,충청남도 천안시 서북구 충무로 201,041-579-4321,08:00 - 23:00,"APP-패스트썹, APP-홈썹, 배달가능, 아침메뉴, 단체주문, 시그니처랩",36.7962293,127.1282685
충남,홍성내포,"충청남도 홍성군 홍북읍 청사로 158 101호,102호",041-635-0786,08:00 - 23:00,"APP-패스트썹, APP-홈썹, 주차가능, 배달가능, 아침메뉴, 단체주문, 시그니처랩",2300,36.6583359
전남,광양LF스퀘어,전남 광양시 광양읍 순광로 466,061-815-4940,10:30 - 21:00,"APP-패스트썹, APP-홈썹, 주차가능, 배달가능, 아침메뉴, 단체주문, 시그니처랩",34.9625085,127.5678273
전남,광양중마,전남 광양시 중마중앙로55,061-792-2557,08:00 - 22:00,"APP-패스트썹, APP-홈썹, 배달가능, 아침메뉴, 단체주문, 시그니처랩",34.9353788,127.6977972
전남,순천조례,전남 순천시 봉화2길 1,061-901-6004,08:00 - 22:00,"APP-패스트썹, APP-홈썹, 배달가능, 아침메뉴, 단체주문, 시그니처랩",34.9541508,127.5185134
전남,여수학동,전남 여수시 망마로 25,061-920-4511,08:00 - 22:00,"APP-패스트썹, APP-홈썹, 주차가능, 배달가능, 아침메뉴, 단체주문, 시그니처랩",34.7602938,127.6659267
전남,나주혁신,전라남도 나주시 빛가람로 677,061-335-1110,08:00 - 22:00,"APP-패스트썹, APP-홈썹, 배달가능, 아침메뉴, 단체주문, 시그니처랩",35.0215108,126.7858398
전남,목포남악,전라남도 무안군 삼향읍 남악3로 79,061-980-3310,08:00 - 22:00,"APP-패스트썹, APP-홈썹, 주차가능, 배달가능, 아침메뉴, 단체주문, 시그니처랩",34.8125976,126.4597905
전남,목포상동,전라남도 목포시 백년대로 342,061-980-1191,08:00 - 22:00,"APP-패스트썹, APP-홈썹, 배달가능, 아침메뉴, 단체주문, 시그니처랩",34.8054263,126.4247873
전남,순천신대,전라남도 순천시 해룡면 향매로 79,061-726-0905,08:00 - 22:00,"APP-패스트썹, APP-홈썹, 배달가능, 아침메뉴, 단체주문, 시그니처랩",34.9340372,127.5481565
전남,여수여서,전라남도 여수시 여서동1길 38,061-651-1121,08:00 - 22:00,"APP-패스트썹, APP-홈썹, 배달가능, 아침메뉴, 단체주문, 시그니처랩",34.7534689,127.7060563
전남,전남해남,전라남도 해남군 해남읍 중앙1로 92,061-535-8188,08:00 - 22:00,"APP-패스트썹, APP-홈썹, 주차가능, 배달가능, 아침메뉴, 단체주문, 시그니처랩",34.5714171,126.6022394
전남,화순,전라남도 화순군 화순읍 중앙로 94,061-927-4333,08:00 - 22:00,"APP-패스트썹, APP-홈썹, 주차가능, 배달가능, 아침메뉴, 단체주문, 시그니처랩",35.0602691,126.9916233
경북,경북도청,경북 예천군 호명면 새움3로 46,070-7818-0267,08:00 - 22:00,"APP-패스트썹, APP-홈썹, 배달가능, 아침메뉴, 단체주문, 시그니처랩",36.5763854,128.4914243
경북,경산사동,경북 경산시 백자로 71 102호,053-268-1515,07:30 - 21:30,"APP-패스트썹, APP-홈썹, 배달가능, 아침메뉴, 단체주문, 시그니처랩",35.8123622,128.7549013
경북,경주중앙,"경북 경주시 중앙로 53  세종빌딩 1,2층",054-743-0594,08:00 - 22:00,"APP-패스트썹, APP-홈썹, 배달가능, 아침메뉴, 단체주문, 시그니처랩",2200,35.8447756
경북,상주중앙,경북 상주시 중앙로 186-1,054-535-6844,08:00 - 22:00,"APP-패스트썹, APP-홈썹, 배달가능, 아침메뉴, 단체주문, 시그니처랩",36.4154504,128.1587032
경북,안동옥동,경북 안동시 경북대로 395 나동 1호,070-4126-0007,08:00 - 22:00,"APP-패스트썹, APP-홈썹, 배달가능, 아침메뉴, 단체주문, 시그니처랩",36.5644055,128.7007175
경북,칠곡왜관,경북 칠곡군 왜관읍 중앙로 198 1층,070-8835-7990,08:00 - 22:00,"APP-패스트썹, APP-홈썹, 배달가능, 아침메뉴, 단체주문, 시그니처랩",35.9924924,128.3993030
경북,포항두호,경북 포항시 두호로 33,054-253-5007,08:00 - 23:00,"APP-패스트썹, APP-홈썹, 배달가능, 아침메뉴, 단체주문, 시그니처랩",36.0599944,129.3747410
경북,경북울진,경상북도 울진군 울진읍 연호로24,054-782-6002,08:00 - 22:00,"APP-패스트썹, APP-홈썹, 주차가능, 배달가능, 아침메뉴, 단체주문, 시그니처랩",36.9935340,129.4037310
경북,경산대구대,"경상북도 경산시 진량읍 대구대로 201  1층 1114호(대구대경산캠퍼스23, 과학관)",053-856-7073,08:00 - 20:00,"APP-패스트썹, 주차가능, 아침메뉴, 단체주문, 시그니처랩",2000,35.9010490
경북,경산영남대,경상북도 경산시 대학로 281-1,053-818-7771,08:00 - 22:00,"APP-패스트썹, APP-홈썹, 주차가능, 배달가능, 아침메뉴, 단체주문, 시그니처랩",35.8366888,128.7529764
경북,경산하양,경상북도 경산시 하양읍 하양로 34,053-857-5761,08:00 - 22:00,"APP-패스트썹, APP-홈썹, 주차가능, 배달가능, 아침메뉴, 시그니처랩",35.9087845,128.8135526
경북,구미LGD,경상북도 구미시 3공단2로 174,054-716-0209,06:00 - 20:00,"APP-패스트썹, 아침메뉴, 단체주문, 시그니처랩",36.0976759,128.4075613
경북,구미문성,경상북도 구미시 고아읍 들성로 185-3,054-456-9992,08:00 - 22:00,"APP-패스트썹, APP-홈썹, 주차가능, 배달가능, 아침메뉴, 단체주문, 시그니처랩",36.1599609,128.3408738
경북,구미산동,경상북도 구미시 산동읍 신당1로 58,054-471-8300,08:00 - 23:00,"APP-패스트썹, APP-홈썹, 배달가능, 아침메뉴, 단체주문, 그릴드랩",36.1543031,128.4286623
경북,구미시청,경상북도 구미시 송정대로 23,054-444-7999,08:00 - 22:00,"APP-패스트썹, APP-홈썹, 주차가능, 배달가능, 아침메뉴, 단체주문, 그릴드랩",36.1174926,128.3411990
경북,구미진평,경상북도 구미시 인동36길 18,054-474-1205,08:00 - 23:00,"APP-패스트썹, APP-홈썹, 배달가능, 아침메뉴, 단체주문, 시그니처랩",36.0930876,128.4318379
경북,김천혁신,경상북도 김천시 혁신3로 16,054-437-1687,08:00 - 22:00,"APP-패스트썹, APP-홈썹, 배달가능, 아침메뉴, 단체주문, 시그니처랩",36.1175931,128.1819973
경북,영주가흥,경상북도 영주시 가흥동 1639,054-632-1037,08:00 - 22:00,"APP-패스트썹, APP-홈썹, 주차가능, 배달가능, 아침메뉴, 단체주문, 시그니처랩",36.8180523,128.6049899
경북,영천,경상북도 영천시 동부로 52,054-338-7439,08:00 - 22:00,"APP-패스트썹, APP-홈썹, 주차가능, 배달가능, 아침메뉴, 단체주문, 시그니처랩",35.9748015,128.9483572
경북,포항남부DT,경상북도 포항시 새천년대로 526,054-278-0989,07:00 - 23:00,"APP-패스트썹, APP-홈썹, 주차가능, 배달가능, 아침메뉴, Drive Thru, 단체주문, 그릴드랩",36.0214171,129.3506535
경남,마산삼계롯데마트,경상남도 창원시 마산회원구 내서읍 경남대로 927 1층,055-713-7577,10:00 - 22:00,"APP-패스트썹, APP-홈썹, 배달가능, 아침메뉴, 단체주문, 시그니처랩",35.2330280,128.5040713
경남,마산이마트,경남 창원시 마산합포구 서성로3,070-8648-1709,10:00 - 21:00,"APP-패스트썹, APP-홈썹, 배달가능, 아침메뉴, 단체주문, 시그니처랩",35.1978923,128.5699365
경남,양산덕계메가마트,경남 양산시 덕계로 62,070-8615-8889,09:00 - 22:00,"APP-패스트썹, APP-홈썹, 배달가능, 아침메뉴, 단체주문, 시그니처랩",35.3734585,129.1508010
경남,진주경상대칠암캠퍼스,경남 진주시 동진로 30,055-759-4999,08:00 - 22:00,"아침메뉴, 단체주문, 시그니처랩",35.1787108,128.0943844
경남,창원대동백화점,경남 창원시 성산구 동산로 115 1층,055-212-8899,10:00 - 20:00,"APP-패스트썹, APP-홈썹, 주차가능, 배달가능, 아침메뉴, 단체주문, 시그니처랩",35.2196206,128.6888555
경남,창원용지호수,경남 창원시 성산구 용지로169번길 3,055-281-5353,07:30 - 21:30,"APP-패스트썹, APP-홈썹, 배달가능, 아침메뉴, 단체주문, 시그니처랩",35.2300055,128.6816984
경남,창원중앙역,경남 창원시 의창구 용동로 85,055-609-8787,08:00 - 22:00,"APP-패스트썹, APP-홈썹, 주차가능, 아침메뉴, 단체주문, 시그니처랩",35.2384801,128.7007650
경남,통영이마트,경남 통영시 광도면 죽림4로 9  1층,055-648-0760,10:00 - 21:00,"APP-패스트썹, APP-홈썹, 주차가능, 배달가능, 아침메뉴, 단체주문, 시그니처랩",34.8871667,128.4179907
경남,거제고현,"경상남도 거제시 거제중앙로 1894 104호,105호",055-634-0979,07:30 - 21:30,"APP-패스트썹, APP-홈썹, 아침메뉴, 단체주문, 시그니처랩",2130,34.8873304
경남,거제아주,경상남도 거제시 아주1로2길 62,055-681-5952,07:30 - 21:30,"APP-패스트썹, APP-홈썹, 주차가능, 배달가능, 아침메뉴, 단체주문, 시그니처랩",34.8674318,128.6856420
경남,경남거창,경상남도 거창군 거창읍 중앙로 120,055-945-0020,08:00 - 22:00,"APP-패스트썹, APP-홈썹, 배달가능, 아침메뉴, 단체주문, 시그니처랩",35.6864778,127.9115544
경남,경남남양산,경상남도 양산시 물금읍 범어로 60,055-367-7888,07:30 - 21:30,"APP-패스트썹, APP-홈썹, 주차가능, 배달가능, 아침메뉴, 단체주문, 시그니처랩",35.3289175,129.0140683
경남,경남양산,경상남도 양산시 양산역2길 3,055-381-1100,07:00 - 22:00,"APP-패스트썹, APP-홈썹, 배달가능, 아침메뉴, 단체주문, 시그니처랩",35.3356625,129.0275037
경남,경남진주혁신,경상남도 진주시 충의로 20-4 1층,055-758-0250,07:30 - 21:30,"APP-패스트썹, APP-홈썹, 배달가능, 아침메뉴, 단체주문, 시그니처랩",35.1763202,128.1470972
경남,김해내동,경상남도 김해시 내외중앙로 74,055-337-7735,08:00 - 22:00,"APP-패스트썹, APP-홈썹, 주차가능, 배달가능, 아침메뉴, 단체주문, 시그니처랩",35.2364501,128.8673786
경남,김해삼계,경상남도 김해시 가야로 163,055-339-4406,08:00 - 22:00,"APP-패스트썹, APP-홈썹, 주차가능, 배달가능, 아침메뉴, 단체주문, 시그니처랩",35.2630508,128.8719962
경남,김해율하,경상남도 김해시 율하3로 42,055-311-3940,08:00 - 22:00,"APP-패스트썹, APP-홈썹, 아침메뉴, 단체주문, 시그니처랩",35.1716760,128.8145347
경남,김해이마트,경상남도 김해시 김해대로 2232 이마트 1층,055-339-2413,10:00 - 21:30,"APP-패스트썹, 주차가능, 아침메뉴, 시그니처랩",35.2293396,128.8722425
경남,김해인제대,경상남도 김해시 인제로 184 1층,055-325-5226,08:00 - 23:00,"APP-패스트썹, APP-홈썹, 배달가능, 아침메뉴, 단체주문, 시그니처랩",35.2450350,128.9042635
경남,김해장유,경상남도 김해시 능동로 149번길 8,055-338-1263,08:00 - 22:00,"주차가능, 아침메뉴, 단체주문, 시그니처랩",35.2028782,128.8075243
경남,김해진영,경상남도 김해시 진영읍 김해대로361번길 16,055-342-8781,08:00 - 23:00,"APP-패스트썹, APP-홈썹, 배달가능, 아침메뉴, 단체주문, 시그니처랩",35.3082271,128.7298955
경남,마산경남대,경상남도 창원시 마산합포구 3.15대로 1,055-246-3555,08:00 - 23:00,"APP-패스트썹, APP-홈썹, 배달가능, 아침메뉴, 단체주문, 시그니처랩",35.1800942,128.5581004
경남,마산삼계롯데마트,경상남도 창원시 마산회원구 내서읍 경남대로 927 1층,055-713-7577,10:00 - 22:00,"APP-패스트썹, APP-홈썹, 배달가능, 아침메뉴, 단체주문, 시그니처랩",35.2330280,128.5040713
경남,마산합성,경상남도 창원시 마산회원구 합성옛길 137,055-253-0202,08:00 - 22:00,"APP-패스트썹, APP-홈썹, 배달가능, 아침메뉴, 단체주문, 시그니처랩",35.2378669,128.5832389
경남,양산증산,경상남도 양산시 물금읍 야리1길 17,055-781-2236,07:30 - 21:30,"APP-패스트썹, APP-홈썹, 배달가능, 아침메뉴, 단체주문, 시그니처랩",35.3107457,129.0076106
경남,진주경상대,경상남도 진주시 진주대로 548,055-755-3477,08:00 - 22:00,"APP-패스트썹, APP-홈썹, 주차가능, 배달가능, 아침메뉴, 단체주문, 시그니처랩",35.1555066,128.1076460
경남,진주중안,경상남도 진주시 진양호로 525,055-748-9994,08:00 - 22:00,"APP-패스트썹, APP-홈썹, 배달가능, 아침메뉴, 단체주문, 시그니처랩",35.1928063,128.0828771
경남,진주초전,경상남도 진주시 초전북로51번길 34,055-761-1951,08:00 - 23:00,"APP-패스트썹, APP-홈썹, 배달가능, 아침메뉴, 단체주문, 시그니처랩",35.2114004,128.1118851
경남,진주평거탑마트,경상남도 진주시 새평거로 136,055-748-0185,10:00 - 21:30,"APP-패스트썹, APP-홈썹, 주차가능, 배달가능, 아침메뉴, 단체주문, 시그니처랩",35.1703727,128.0619039
경남,진해석동,경상남도 창원시 진해구 냉천로 62 1층,055-552-2861,08:00 - 22:00,"APP-패스트썹, APP-홈썹, 주차가능, 배달가능, 아침메뉴, 단체주문, 시그니처랩",35.1518869,128.7041952
경남,창원감계,경상남도 창원시 의창구 북면 감계리 234-5,055-251-1235,08:00 - 23:00,"APP-패스트썹, APP-홈썹, 배달가능, 아침메뉴, 단체주문, 시그니처랩",35.3020233,128.5948818
경남,창원대방,경상남도 창원시 성산구 가양로 124번길 5-5 103호,055-274-7375,08:00 - 22:00,"APP-패스트썹, APP-홈썹, 배달가능, 아침메뉴, 단체주문, 시그니처랩",35.2090854,128.7072753
경남,창원리베라,경상남도 창원시 성산구 중앙대로100번길 9 리베라컨벤션 1층 107호,055-262-6985,08:00 - 22:00,"주차가능, 아침메뉴, 단체주문, 시그니처랩",35.2232489,128.6804939
경남,창원유니시티,경상남도 창원시 의창구 중동중앙로 47 어반브릭스,055-255-2439,08:00 - 22:00,"APP-패스트썹, APP-홈썹, 주차가능, 배달가능, 아침메뉴, 단체주문, 시그니처랩",35.2566260,128.6249983
경남,창원파티마병원,경상남도 창원시 의창구 창이대로 45 창원파티마병원,070-4791-1700,08:00 - 20:00,"APP-패스트썹, APP-홈썹, 배달가능, 아침메뉴, 단체주문, 시그니처랩",35.2372930,128.6459130
경남,통영무전,경상남도 통영시 원문로 27,055-648-0772,08:00 - 22:00,"APP-패스트썹, APP-홈썹, 배달가능, 아침메뉴, 단체주문, 시그니처랩",34.8572486,128.4255733
강원,강릉중앙로,강원도 강릉시 경강로 2117,033-646-1146,08:00 - 22:00,"APP-패스트썹, APP-홈썹, 주차가능, 배달가능, 아침메뉴, 단체주문, 시그니처랩",37.7561818,128.8979912
강원,원주무실,강원도 원주시 능라동길 61 정한타워 111호~112호,033-745-1509,08:00 - 23:00,"APP-패스트썹, APP-홈썹, 주차가능, 배달가능, 아침메뉴, 단체주문, 시그니처랩",37.3341487,127.9312335
강원,원주혁신도시,강원특별자치도 원주시 입춘로 110 1동 101호,033-744-1509,08:00 - 23:00,"APP-패스트썹, APP-홈썹, 주차가능, 배달가능, 아침메뉴, 단체주문, 시그니처랩",37.3234174,127.9816785
강원,춘천퇴계,강원특별자치도 춘천시 영서로 2195,033-252-1146,08:00 - 22:00,"APP-패스트썹, APP-홈썹, 주차가능, 배달가능, 아침메뉴, 단체주문, 시그니처랩",37.8603239,127.7286003
전북,군산나운,전북특별자치도 군산시 공단대로 374,063-464-1234,08:00 - 22:00,"APP-패스트썹, APP-홈썹, 배달가능, 아침메뉴, 단체주문, 시그니처랩",35.9620020,126.7009716
전북,군산대,전북특별자치도 군산시 황룡로 10,063-471-1911,08:00 - 22:00,"APP-패스트썹, APP-홈썹, 배달가능, 아침메뉴, 단체주문, 그릴드랩",35.9451973,126.6863914
전북,군산롯데몰,전북특별자치도 군산시 조촌로 130,063-466-9711,10:30 - 21:00,"APP-패스트썹, APP-홈썹, 배달가능, 아침메뉴, 단체주문, 그릴드랩",35.9764131,126.7391410
전북,김제,전북특별자치도 김제시 동서로 256,063-920-4700,08:00 - 22:00,"APP-패스트썹, APP-홈썹, 주차가능, 배달가능, 아침메뉴, 단체주문, 시그니처랩",35.8035875,126.8951204
전북,남원도통,전북특별자치도 남원시 용성로 222,063-636-8494,08:00 - 22:00,"APP-패스트썹, APP-홈썹, 배달가능, 아침메뉴, 단체주문, 시그니처랩",35.4172622,127.3966882
전북,익산모현,전북특별자치도 익산시 선화로77,063-841-1211,08:00 - 22:00,"APP-패스트썹, APP-홈썹, 주차가능, 배달가능, 아침메뉴, 단체주문, 그릴드랩",35.9497886,126.9397471
전북,익산영등,전북특별자치도 익산시 무왕로 1074,063-833-3522,08:00 - 23:00,"APP-패스트썹, APP-홈썹, 주차가능, 배달가능, 아침메뉴, 단체주문, 그릴드랩",35.9582342,126.9761526
전북,익산원광대,전북특별자치도 익산시 동서로19길 99,063-842-1211,08:00 - 22:00,"APP-패스트썹, APP-홈썹, 배달가능, 아침메뉴, 단체주문, 시그니처랩",35.9628236,126.9582580
전북,전북전주혁신,전북특별자치도 전주시 덕진구 안전로148,063-222-5700,08:00 - 22:00,"APP-패스트썹, APP-홈썹, 주차가능, 배달가능, 아침메뉴, 단체주문, 시그니처랩",35.8372688,127.0590050
전북,전주객사,전북특별자치도 전주시 완산구 팔달로 191-3,063-288-1154,08:00 - 22:00,"APP-패스트썹, APP-홈썹, 배달가능, 아침메뉴, 시그니처랩",35.8192270,127.1462645
전북,전주송천DT,전북특별자치도 전주시 덕진구 동부대로 1004,063-255-1121,08:00 - 23:00,"APP-패스트썹, APP-홈썹, 주차가능, 배달가능, 아침메뉴, Drive Thru, 단체주문, 그릴드랩",35.8697023,127.1372815
전북,전주아중,전북특별자치도 전주시 덕진구 건산로 226 (인후동1가),063-901-2670,08:00 - 22:00,"APP-패스트썹, APP-홈썹, 주차가능, 배달가능, 아침메뉴, 단체주문, 시그니처랩",35.8338508,127.1620330
전북,전주전북대,전북특별자치도 전주시 덕진구 명륜4길12,063-255-1154,08:00 - 22:00,"APP-패스트썹, APP-홈썹, 배달가능, 아침메뉴, 단체주문, 그릴드랩",35.8429525,127.1268077
전북,전주전북도청,전북특별자치도 전주시 완산구 홍산중앙로 22,063-903-1191,08:00 - 23:00,"APP-패스트썹, APP-홈썹, 주차가능, 배달가능, 아침메뉴, 단체주문, 그릴드랩",35.8155919,127.1093326
전북,전주평화,전북특별자치도 전주시 완산구 모악로 4762,063-902-1154,08:00 - 22:00,"APP-패스트썹, APP-홈썹, 주차가능, 배달가능, 아침메뉴, 단체주문, 시그니처랩",35.7943890,127.1327070
전북,진주초전,경상남도 진주시 초전북로51번길 34,055-761-1951,08:00 - 23:00,"APP-패스트썹, APP-홈썹, 배달가능, 아침메뉴, 단체주문, 시그니처랩",35.2114004,128.1118851
제주,서귀포강정지구,제주특별자치도 서귀포시 대청로 41,064-739-0976,00:00 - 24:00,"24시간, APP-패스트썹, APP-홈썹, 주차가능, 배달가능, 아침메뉴, 단체주문, 시그니처랩",33.2527392,126.5042592
제주,제주공항,제주특별자치도 제주시 월성로4길 80,064-713-1129,08:00 - 22:00,"컵 보증금, APP-패스트썹, APP-홈썹, 주차가능, 배달가능, 아침메뉴, 단체주문, 시그니처랩",33.4983445,126.4979281
제주,제주노형,제주특별자치도 제주시 1100로 3347  세기트라이빌딩 1층,064-749-7739,08:00 - 22:00,"컵 보증금, APP-패스트썹, APP-홈썹, 배달가능, 아침메뉴, 단체주문, 시그니처랩",33.4848447,126.4796326
제주,제주대,제주특별자치도 제주시 제주대학로 113,064-752-7739,08:00 - 22:00,"컵 보증금, APP-패스트썹, APP-홈썹, 주차가능, 배달가능, 아침메뉴, 단체주문, 시그니처랩",33.4603649,126.5620679
제주,제주서귀포광장,제주특별자치도 서귀포시 중앙로 104,064-733-1014,00:00 - 24:00,"24시간, APP-패스트썹, APP-홈썹, 주차가능, 배달가능, 아침메뉴, 단체주문, 시그니처랩",33.2539313,126.5614090
제주,제주시청,제주특별자치도 제주시 중앙로  252,064-759-7739,08:00 - 22:00,"컵 보증금, APP-패스트썹, APP-홈썹, 주차가능, 배달가능, 아침메뉴, 단체주문, 시그니처랩",33.4973953,126.5311182
제주,제주연동신시가지,제주특별자치도 제주시 국기로 1길 2,064-711-1128,08:00 - 22:00,"컵 보증금, APP-패스트썹, APP-홈썹, 배달가능, 아침메뉴, 단체주문, 시그니처랩",33.4806967,126.4900031
제주,제주외도,제주특별자치도 제주시 일주서로 7306,-,08:00 - 23:00,"APP-패스트썹, APP-홈썹, 배달가능, 아침메뉴, 단체주문",33.4923647,126.4276371
